query_id,candidate_id,label,confidence,notes
angular/button-primary-v10,react/button-primary-v1,duplicate,medium,synthetic annotation
angular/button-primary-v10,react/button-primary-v2,near_duplicate,medium,synthetic annotation
angular/button-primary-v10,react/button-primary-v3,duplicate,medium,synthetic annotation
angular/button-primary-v10,react/button-primary-v4,duplicate,medium,synthetic annotation
angular/button-primary-v10,react/button-primary-v5,duplicate,medium,synthetic annotation
angular/button-primary-v10,react/button-primary-v6,duplicate,medium,synthetic annotation
angular/button-primary-v10,vue/search-input-v14,different,medium,synthetic annotation
angular/button-primary-v10,vue/table-report-v2,different,medium,synthetic annotation
angular/button-primary-v13,react/button-primary-v1,near_duplicate,medium,synthetic annotation
angular/button-primary-v13,react/button-primary-v2,duplicate,medium,synthetic annotation
angular/button-primary-v13,react/button-primary-v3,near_duplicate,medium,synthetic annotation
angular/button-primary-v13,react/button-primary-v4,duplicate,medium,synthetic annotation
angular/button-primary-v13,react/button-primary-v5,duplicate,medium,synthetic annotation
angular/button-primary-v13,react/button-primary-v6,duplicate,medium,synthetic annotation
angular/button-primary-v13,vue/profile-card-v16,different,medium,synthetic annotation
angular/button-primary-v13,vue/table-report-v29,different,medium,synthetic annotation
angular/button-primary-v14,react/button-primary-v1,different,medium,synthetic annotation
angular/button-primary-v14,react/button-primary-v2,duplicate,medium,synthetic annotation
angular/button-primary-v14,react/button-primary-v3,duplicate,medium,synthetic annotation
angular/button-primary-v14,react/button-primary-v4,duplicate,medium,synthetic annotation
angular/button-primary-v14,react/button-primary-v5,duplicate,medium,synthetic annotation
angular/button-primary-v14,react/button-primary-v6,duplicate,medium,synthetic annotation
angular/button-primary-v14,vue/profile-card-v29,different,medium,synthetic annotation
angular/button-primary-v14,vue/search-input-v30,different,medium,synthetic annotation
angular/button-primary-v16,react/button-primary-v1,duplicate,medium,synthetic annotation
angular/button-primary-v16,react/button-primary-v2,duplicate,medium,synthetic annotation
angular/button-primary-v16,react/button-primary-v3,duplicate,medium,synthetic annotation
angular/button-primary-v16,react/button-primary-v4,duplicate,medium,synthetic annotation
angular/button-primary-v16,react/button-primary-v5,duplicate,medium,synthetic annotation
angular/button-primary-v16,react/button-primary-v6,duplicate,medium,synthetic annotation
angular/button-primary-v16,react/modal-login-v29,different,medium,synthetic annotation
angular/button-primary-v16,react/profile-card-v28,different,medium,synthetic annotation
angular/button-primary-v2,angular/modal-login-v17,different,medium,synthetic annotation
angular/button-primary-v2,react/button-primary-v1,duplicate,medium,synthetic annotation
angular/button-primary-v2,react/button-primary-v2,duplicate,medium,synthetic annotation
angular/button-primary-v2,react/button-primary-v3,duplicate,medium,synthetic annotation
angular/button-primary-v2,react/button-primary-v4,duplicate,medium,synthetic annotation
angular/button-primary-v2,react/button-primary-v5,duplicate,medium,synthetic annotation
angular/button-primary-v2,react/button-primary-v6,duplicate,medium,synthetic annotation
angular/button-primary-v2,react/table-report-v18,different,medium,synthetic annotation
angular/button-primary-v22,angular/table-report-v2,different,medium,synthetic annotation
angular/button-primary-v22,react/button-primary-v1,duplicate,medium,synthetic annotation
angular/button-primary-v22,react/button-primary-v2,duplicate,medium,synthetic annotation
angular/button-primary-v22,react/button-primary-v3,duplicate,medium,synthetic annotation
angular/button-primary-v22,react/button-primary-v4,duplicate,medium,synthetic annotation
angular/button-primary-v22,react/button-primary-v5,duplicate,medium,synthetic annotation
angular/button-primary-v22,react/button-primary-v6,duplicate,medium,synthetic annotation
angular/button-primary-v22,react/profile-card-v10,different,medium,synthetic annotation
angular/button-primary-v22,react/search-input-v24,different,medium,synthetic annotation
angular/button-primary-v22,vue/modal-login-v12,different,medium,synthetic annotation
angular/button-primary-v22,vue/profile-card-v7,different,medium,synthetic annotation
angular/button-primary-v22,vue/search-input-v8,different,medium,synthetic annotation
angular/button-primary-v23,angular/profile-card-v8,different,medium,synthetic annotation
angular/button-primary-v23,react/button-primary-v1,duplicate,medium,synthetic annotation
angular/button-primary-v23,react/button-primary-v2,duplicate,medium,synthetic annotation
angular/button-primary-v23,react/button-primary-v3,duplicate,medium,synthetic annotation
angular/button-primary-v23,react/button-primary-v4,duplicate,medium,synthetic annotation
angular/button-primary-v23,react/button-primary-v5,duplicate,medium,synthetic annotation
angular/button-primary-v23,react/button-primary-v6,duplicate,medium,synthetic annotation
angular/button-primary-v23,react/search-input-v14,different,medium,synthetic annotation
angular/button-primary-v31,angular/modal-login-v13,different,medium,synthetic annotation
angular/button-primary-v31,react/button-primary-v1,duplicate,medium,synthetic annotation
angular/button-primary-v31,react/button-primary-v2,duplicate,medium,synthetic annotation
angular/button-primary-v31,react/button-primary-v3,near_duplicate,medium,synthetic annotation
angular/button-primary-v31,react/button-primary-v4,duplicate,medium,synthetic annotation
angular/button-primary-v31,react/button-primary-v5,duplicate,medium,synthetic annotation
angular/button-primary-v31,react/button-primary-v6,duplicate,medium,synthetic annotation
angular/button-primary-v31,react/table-report-v19,different,medium,synthetic annotation
angular/button-primary-v33,react/button-primary-v1,duplicate,medium,synthetic annotation
angular/button-primary-v33,react/button-primary-v2,duplicate,medium,synthetic annotation
angular/button-primary-v33,react/button-primary-v3,duplicate,medium,synthetic annotation
angular/button-primary-v33,react/button-primary-v4,duplicate,medium,synthetic annotation
angular/button-primary-v33,react/button-primary-v5,duplicate,medium,synthetic annotation
angular/button-primary-v33,react/button-primary-v6,duplicate,medium,synthetic annotation
angular/button-primary-v33,react/profile-card-v2,different,medium,synthetic annotation
angular/button-primary-v33,vue/search-input-v32,different,medium,synthetic annotation
angular/button-primary-v35,react/button-primary-v1,duplicate,medium,synthetic annotation
angular/button-primary-v35,react/button-primary-v2,duplicate,medium,synthetic annotation
angular/button-primary-v35,react/button-primary-v3,duplicate,medium,synthetic annotation
angular/button-primary-v35,react/button-primary-v4,duplicate,medium,synthetic annotation
angular/button-primary-v35,react/button-primary-v5,duplicate,medium,synthetic annotation
angular/button-primary-v35,react/button-primary-v6,duplicate,medium,synthetic annotation
angular/button-primary-v35,vue/modal-login-v19,different,medium,synthetic annotation
angular/button-primary-v35,vue/search-input-v29,different,medium,synthetic annotation
angular/button-primary-v5,angular/profile-card-v31,different,medium,synthetic annotation
angular/button-primary-v5,react/button-primary-v1,duplicate,medium,synthetic annotation
angular/button-primary-v5,react/button-primary-v2,duplicate,medium,synthetic annotation
angular/button-primary-v5,react/button-primary-v3,duplicate,medium,synthetic annotation
angular/button-primary-v5,react/button-primary-v4,duplicate,medium,synthetic annotation
angular/button-primary-v5,react/button-primary-v5,duplicate,medium,synthetic annotation
angular/button-primary-v5,react/button-primary-v6,duplicate,medium,synthetic annotation
angular/button-primary-v5,react/modal-login-v9,different,medium,synthetic annotation
angular/button-primary-v5,react/table-report-v33,different,medium,synthetic annotation
angular/button-primary-v5,vue/modal-login-v24,different,medium,synthetic annotation
angular/button-primary-v6,react/button-primary-v1,duplicate,medium,synthetic annotation
angular/button-primary-v6,react/button-primary-v2,different,medium,synthetic annotation
angular/button-primary-v6,react/button-primary-v3,duplicate,medium,synthetic annotation
angular/button-primary-v6,react/button-primary-v4,duplicate,medium,synthetic annotation
angular/button-primary-v6,react/button-primary-v5,duplicate,medium,synthetic annotation
angular/button-primary-v6,react/button-primary-v6,duplicate,medium,synthetic annotation
angular/button-primary-v6,vue/profile-card-v17,different,medium,synthetic annotation
angular/button-primary-v6,vue/table-report-v6,different,medium,synthetic annotation
angular/button-primary-v7,react/button-primary-v1,duplicate,medium,synthetic annotation
angular/button-primary-v7,react/button-primary-v2,duplicate,medium,synthetic annotation
angular/button-primary-v7,react/button-primary-v3,duplicate,medium,synthetic annotation
angular/button-primary-v7,react/button-primary-v4,duplicate,medium,synthetic annotation
angular/button-primary-v7,react/button-primary-v5,duplicate,medium,synthetic annotation
angular/button-primary-v7,react/button-primary-v6,duplicate,medium,synthetic annotation
angular/button-primary-v7,react/modal-login-v10,different,medium,synthetic annotation
angular/button-primary-v7,react/table-report-v7,different,medium,synthetic annotation
angular/modal-login-v10,angular/search-input-v35,different,medium,synthetic annotation
angular/modal-login-v10,angular/table-report-v27,different,medium,synthetic annotation
angular/modal-login-v10,react/modal-login-v1,duplicate,medium,synthetic annotation
angular/modal-login-v10,react/modal-login-v2,duplicate,medium,synthetic annotation
angular/modal-login-v10,react/modal-login-v3,duplicate,medium,synthetic annotation
angular/modal-login-v10,react/modal-login-v4,duplicate,medium,synthetic annotation
angular/modal-login-v10,react/modal-login-v5,duplicate,medium,synthetic annotation
angular/modal-login-v10,react/modal-login-v6,duplicate,medium,synthetic annotation
angular/modal-login-v10,react/profile-card-v14,near_duplicate,medium,synthetic annotation
angular/modal-login-v10,vue/button-primary-v26,duplicate,medium,synthetic annotation
angular/modal-login-v11,angular/search-input-v13,different,medium,synthetic annotation
angular/modal-login-v11,react/button-primary-v33,different,medium,synthetic annotation
angular/modal-login-v11,react/modal-login-v1,duplicate,medium,synthetic annotation
angular/modal-login-v11,react/modal-login-v2,duplicate,medium,synthetic annotation
angular/modal-login-v11,react/modal-login-v3,duplicate,medium,synthetic annotation
angular/modal-login-v11,react/modal-login-v4,duplicate,medium,synthetic annotation
angular/modal-login-v11,react/modal-login-v5,duplicate,medium,synthetic annotation
angular/modal-login-v11,react/modal-login-v6,duplicate,medium,synthetic annotation
angular/modal-login-v14,react/button-primary-v1,different,medium,synthetic annotation
angular/modal-login-v14,react/modal-login-v1,duplicate,medium,synthetic annotation
angular/modal-login-v14,react/modal-login-v2,duplicate,medium,synthetic annotation
angular/modal-login-v14,react/modal-login-v3,duplicate,medium,synthetic annotation
angular/modal-login-v14,react/modal-login-v4,duplicate,medium,synthetic annotation
angular/modal-login-v14,react/modal-login-v5,duplicate,medium,synthetic annotation
angular/modal-login-v14,react/modal-login-v6,duplicate,medium,synthetic annotation
angular/modal-login-v14,react/profile-card-v6,different,medium,synthetic annotation
angular/modal-login-v14,react/table-report-v6,different,medium,synthetic annotation
angular/modal-login-v14,vue/search-input-v11,different,medium,synthetic annotation
angular/modal-login-v2,angular/table-report-v1,different,medium,synthetic annotation
angular/modal-login-v2,react/modal-login-v1,duplicate,medium,synthetic annotation
angular/modal-login-v2,react/modal-login-v2,duplicate,medium,synthetic annotation
angular/modal-login-v2,react/modal-login-v3,duplicate,medium,synthetic annotation
angular/modal-login-v2,react/modal-login-v4,duplicate,medium,synthetic annotation
angular/modal-login-v2,react/modal-login-v5,duplicate,medium,synthetic annotation
angular/modal-login-v2,react/modal-login-v6,duplicate,medium,synthetic annotation
angular/modal-login-v2,react/search-input-v12,different,medium,synthetic annotation
angular/modal-login-v22,angular/table-report-v5,different,medium,synthetic annotation
angular/modal-login-v22,react/modal-login-v1,duplicate,medium,synthetic annotation
angular/modal-login-v22,react/modal-login-v2,duplicate,medium,synthetic annotation
angular/modal-login-v22,react/modal-login-v3,duplicate,medium,synthetic annotation
angular/modal-login-v22,react/modal-login-v4,duplicate,medium,synthetic annotation
angular/modal-login-v22,react/modal-login-v5,duplicate,medium,synthetic annotation
angular/modal-login-v22,react/modal-login-v6,duplicate,medium,synthetic annotation
angular/modal-login-v22,react/profile-card-v3,different,medium,synthetic annotation
angular/modal-login-v23,angular/button-primary-v13,different,medium,synthetic annotation
angular/modal-login-v23,angular/table-report-v14,different,medium,synthetic annotation
angular/modal-login-v23,react/modal-login-v1,duplicate,medium,synthetic annotation
angular/modal-login-v23,react/modal-login-v2,duplicate,medium,synthetic annotation
angular/modal-login-v23,react/modal-login-v3,duplicate,medium,synthetic annotation
angular/modal-login-v23,react/modal-login-v4,duplicate,medium,synthetic annotation
angular/modal-login-v23,react/modal-login-v5,duplicate,medium,synthetic annotation
angular/modal-login-v23,react/modal-login-v6,duplicate,medium,synthetic annotation
angular/modal-login-v26,react/modal-login-v1,duplicate,medium,synthetic annotation
angular/modal-login-v26,react/modal-login-v2,duplicate,medium,synthetic annotation
angular/modal-login-v26,react/modal-login-v3,duplicate,medium,synthetic annotation
angular/modal-login-v26,react/modal-login-v4,duplicate,medium,synthetic annotation
angular/modal-login-v26,react/modal-login-v5,duplicate,medium,synthetic annotation
angular/modal-login-v26,react/modal-login-v6,duplicate,medium,synthetic annotation
angular/modal-login-v26,react/profile-card-v21,different,medium,synthetic annotation
angular/modal-login-v26,vue/search-input-v11,different,medium,synthetic annotation
angular/modal-login-v27,angular/search-input-v29,different,medium,synthetic annotation
angular/modal-login-v27,react/modal-login-v1,duplicate,medium,synthetic annotation
angular/modal-login-v27,react/modal-login-v2,duplicate,medium,synthetic annotation
angular/modal-login-v27,react/modal-login-v3,duplicate,medium,synthetic annotation
angular/modal-login-v27,react/modal-login-v4,duplicate,medium,synthetic annotation
angular/modal-login-v27,react/modal-login-v5,duplicate,medium,synthetic annotation
angular/modal-login-v27,react/modal-login-v6,duplicate,medium,synthetic annotation
angular/modal-login-v27,react/search-input-v17,different,medium,synthetic annotation
angular/modal-login-v27,react/table-report-v1,different,medium,synthetic annotation
angular/modal-login-v27,vue/profile-card-v14,different,medium,synthetic annotation
angular/modal-login-v29,react/button-primary-v13,different,medium,synthetic annotation
angular/modal-login-v29,react/modal-login-v1,duplicate,medium,synthetic annotation
angular/modal-login-v29,react/modal-login-v2,duplicate,medium,synthetic annotation
angular/modal-login-v29,react/modal-login-v3,duplicate,medium,synthetic annotation
angular/modal-login-v29,react/modal-login-v4,duplicate,medium,synthetic annotation
angular/modal-login-v29,react/modal-login-v5,duplicate,medium,synthetic annotation
angular/modal-login-v29,react/modal-login-v6,duplicate,medium,synthetic annotation
angular/modal-login-v29,vue/table-report-v6,different,medium,synthetic annotation
angular/modal-login-v30,angular/button-primary-v11,different,medium,synthetic annotation
angular/modal-login-v30,angular/profile-card-v29,different,medium,synthetic annotation
angular/modal-login-v30,react/button-primary-v24,different,medium,synthetic annotation
angular/modal-login-v30,react/modal-login-v1,duplicate,medium,synthetic annotation
angular/modal-login-v30,react/modal-login-v2,duplicate,medium,synthetic annotation
angular/modal-login-v30,react/modal-login-v3,duplicate,medium,synthetic annotation
angular/modal-login-v30,react/modal-login-v4,duplicate,medium,synthetic annotation
angular/modal-login-v30,react/modal-login-v5,duplicate,medium,synthetic annotation
angular/modal-login-v30,react/modal-login-v6,duplicate,medium,synthetic annotation
angular/modal-login-v30,react/search-input-v20,different,medium,synthetic annotation
angular/modal-login-v31,react/modal-login-v1,duplicate,medium,synthetic annotation
angular/modal-login-v31,react/modal-login-v2,duplicate,medium,synthetic annotation
angular/modal-login-v31,react/modal-login-v3,duplicate,medium,synthetic annotation
angular/modal-login-v31,react/modal-login-v4,duplicate,medium,synthetic annotation
angular/modal-login-v31,react/modal-login-v5,duplicate,medium,synthetic annotation
angular/modal-login-v31,react/modal-login-v6,duplicate,medium,synthetic annotation
angular/modal-login-v31,react/table-report-v6,different,medium,synthetic annotation
angular/modal-login-v31,vue/profile-card-v18,different,medium,synthetic annotation
angular/modal-login-v32,angular/button-primary-v26,different,medium,synthetic annotation
angular/modal-login-v32,react/modal-login-v1,duplicate,medium,synthetic annotation
angular/modal-login-v32,react/modal-login-v2,duplicate,medium,synthetic annotation
angular/modal-login-v32,react/modal-login-v3,duplicate,medium,synthetic annotation
angular/modal-login-v32,react/modal-login-v4,duplicate,medium,synthetic annotation
angular/modal-login-v32,react/modal-login-v5,duplicate,medium,synthetic annotation
angular/modal-login-v32,react/modal-login-v6,duplicate,medium,synthetic annotation
angular/modal-login-v32,vue/table-report-v31,different,medium,synthetic annotation
angular/modal-login-v33,react/modal-login-v1,duplicate,medium,synthetic annotation
angular/modal-login-v33,react/modal-login-v2,duplicate,medium,synthetic annotation
angular/modal-login-v33,react/modal-login-v3,duplicate,medium,synthetic annotation
angular/modal-login-v33,react/modal-login-v4,duplicate,medium,synthetic annotation
angular/modal-login-v33,react/modal-login-v5,duplicate,medium,synthetic annotation
angular/modal-login-v33,react/modal-login-v6,duplicate,medium,synthetic annotation
angular/modal-login-v33,vue/profile-card-v22,different,medium,synthetic annotation
angular/modal-login-v33,vue/table-report-v9,different,medium,synthetic annotation
angular/modal-login-v34,angular/table-report-v13,different,medium,synthetic annotation
angular/modal-login-v34,react/modal-login-v1,duplicate,medium,synthetic annotation
angular/modal-login-v34,react/modal-login-v2,duplicate,medium,synthetic annotation
angular/modal-login-v34,react/modal-login-v3,duplicate,medium,synthetic annotation
angular/modal-login-v34,react/modal-login-v4,duplicate,medium,synthetic annotation
angular/modal-login-v34,react/modal-login-v5,duplicate,medium,synthetic annotation
angular/modal-login-v34,react/modal-login-v6,duplicate,medium,synthetic annotation
angular/modal-login-v34,vue/profile-card-v12,different,medium,synthetic annotation
angular/modal-login-v35,angular/search-input-v34,different,medium,synthetic annotation
angular/modal-login-v35,angular/table-report-v25,different,medium,synthetic annotation
angular/modal-login-v35,react/modal-login-v1,duplicate,medium,synthetic annotation
angular/modal-login-v35,react/modal-login-v2,duplicate,medium,synthetic annotation
angular/modal-login-v35,react/modal-login-v3,duplicate,medium,synthetic annotation
angular/modal-login-v35,react/modal-login-v4,duplicate,medium,synthetic annotation
angular/modal-login-v35,react/modal-login-v5,duplicate,medium,synthetic annotation
angular/modal-login-v35,react/modal-login-v6,duplicate,medium,synthetic annotation
angular/modal-login-v35,react/profile-card-v9,different,medium,synthetic annotation
angular/modal-login-v35,vue/button-primary-v14,different,medium,synthetic annotation
angular/modal-login-v4,react/modal-login-v1,duplicate,medium,synthetic annotation
angular/modal-login-v4,react/modal-login-v2,duplicate,medium,synthetic annotation
angular/modal-login-v4,react/modal-login-v3,duplicate,medium,synthetic annotation
angular/modal-login-v4,react/modal-login-v4,duplicate,medium,synthetic annotation
angular/modal-login-v4,react/modal-login-v5,duplicate,medium,synthetic annotation
angular/modal-login-v4,react/modal-login-v6,duplicate,medium,synthetic annotation
angular/modal-login-v4,vue/profile-card-v23,different,medium,synthetic annotation
angular/modal-login-v4,vue/search-input-v21,different,medium,synthetic annotation
angular/modal-login-v7,react/modal-login-v1,duplicate,medium,synthetic annotation
angular/modal-login-v7,react/modal-login-v2,duplicate,medium,synthetic annotation
angular/modal-login-v7,react/modal-login-v3,duplicate,medium,synthetic annotation
angular/modal-login-v7,react/modal-login-v4,duplicate,medium,synthetic annotation
angular/modal-login-v7,react/modal-login-v5,duplicate,medium,synthetic annotation
angular/modal-login-v7,react/modal-login-v6,duplicate,medium,synthetic annotation
angular/modal-login-v7,react/table-report-v20,different,medium,synthetic annotation
angular/modal-login-v7,vue/search-input-v3,different,medium,synthetic annotation
angular/modal-login-v9,angular/table-report-v30,different,medium,synthetic annotation
angular/modal-login-v9,react/modal-login-v1,duplicate,medium,synthetic annotation
angular/modal-login-v9,react/modal-login-v2,duplicate,medium,synthetic annotation
angular/modal-login-v9,react/modal-login-v3,duplicate,medium,synthetic annotation
angular/modal-login-v9,react/modal-login-v4,duplicate,medium,synthetic annotation
angular/modal-login-v9,react/modal-login-v5,different,medium,synthetic annotation
angular/modal-login-v9,react/modal-login-v6,duplicate,medium,synthetic annotation
angular/modal-login-v9,vue/profile-card-v11,different,medium,synthetic annotation
angular/profile-card-v1,angular/table-report-v28,different,medium,synthetic annotation
angular/profile-card-v1,react/profile-card-v1,duplicate,medium,synthetic annotation
angular/profile-card-v1,react/profile-card-v2,duplicate,medium,synthetic annotation
angular/profile-card-v1,react/profile-card-v3,duplicate,medium,synthetic annotation
angular/profile-card-v1,react/profile-card-v4,duplicate,medium,synthetic annotation
angular/profile-card-v1,react/profile-card-v5,duplicate,medium,synthetic annotation
angular/profile-card-v1,react/profile-card-v6,duplicate,medium,synthetic annotation
angular/profile-card-v1,vue/button-primary-v10,different,medium,synthetic annotation
angular/profile-card-v10,react/modal-login-v26,different,medium,synthetic annotation
angular/profile-card-v10,react/profile-card-v1,duplicate,medium,synthetic annotation
angular/profile-card-v10,react/profile-card-v2,duplicate,medium,synthetic annotation
angular/profile-card-v10,react/profile-card-v3,duplicate,medium,synthetic annotation
angular/profile-card-v10,react/profile-card-v4,duplicate,medium,synthetic annotation
angular/profile-card-v10,react/profile-card-v5,duplicate,medium,synthetic annotation
angular/profile-card-v10,react/profile-card-v6,duplicate,medium,synthetic annotation
angular/profile-card-v10,vue/table-report-v4,different,medium,synthetic annotation
angular/profile-card-v12,react/button-primary-v5,different,medium,synthetic annotation
angular/profile-card-v12,react/modal-login-v36,duplicate,medium,synthetic annotation
angular/profile-card-v12,react/profile-card-v1,duplicate,medium,synthetic annotation
angular/profile-card-v12,react/profile-card-v2,duplicate,medium,synthetic annotation
angular/profile-card-v12,react/profile-card-v3,duplicate,medium,synthetic annotation
angular/profile-card-v12,react/profile-card-v4,duplicate,medium,synthetic annotation
angular/profile-card-v12,react/profile-card-v5,duplicate,medium,synthetic annotation
angular/profile-card-v12,react/profile-card-v6,near_duplicate,medium,synthetic annotation
angular/profile-card-v12,vue/search-input-v2,different,medium,synthetic annotation
angular/profile-card-v12,vue/search-input-v21,different,medium,synthetic annotation
angular/profile-card-v13,angular/button-primary-v11,different,medium,synthetic annotation
angular/profile-card-v13,react/profile-card-v1,duplicate,medium,synthetic annotation
angular/profile-card-v13,react/profile-card-v2,duplicate,medium,synthetic annotation
angular/profile-card-v13,react/profile-card-v3,duplicate,medium,synthetic annotation
angular/profile-card-v13,react/profile-card-v4,duplicate,medium,synthetic annotation
angular/profile-card-v13,react/profile-card-v5,duplicate,medium,synthetic annotation
angular/profile-card-v13,react/profile-card-v6,duplicate,medium,synthetic annotation
angular/profile-card-v13,react/search-input-v30,different,medium,synthetic annotation
angular/profile-card-v13,vue/modal-login-v18,different,medium,synthetic annotation
angular/profile-card-v13,vue/modal-login-v7,different,medium,synthetic annotation
angular/profile-card-v14,angular/search-input-v31,different,medium,synthetic annotation
angular/profile-card-v14,react/profile-card-v1,duplicate,medium,synthetic annotation
angular/profile-card-v14,react/profile-card-v2,duplicate,medium,synthetic annotation
angular/profile-card-v14,react/profile-card-v3,duplicate,medium,synthetic annotation
angular/profile-card-v14,react/profile-card-v4,duplicate,medium,synthetic annotation
angular/profile-card-v14,react/profile-card-v5,duplicate,medium,synthetic annotation
angular/profile-card-v14,react/profile-card-v6,duplicate,medium,synthetic annotation
angular/profile-card-v14,vue/table-report-v12,different,medium,synthetic annotation
angular/profile-card-v19,angular/search-input-v29,different,medium,synthetic annotation
angular/profile-card-v19,react/profile-card-v1,duplicate,medium,synthetic annotation
angular/profile-card-v19,react/profile-card-v2,duplicate,medium,synthetic annotation
angular/profile-card-v19,react/profile-card-v3,duplicate,medium,synthetic annotation
angular/profile-card-v19,react/profile-card-v4,duplicate,medium,synthetic annotation
angular/profile-card-v19,react/profile-card-v5,different,medium,synthetic annotation
angular/profile-card-v19,react/profile-card-v6,duplicate,medium,synthetic annotation
angular/profile-card-v19,react/table-report-v5,different,medium,synthetic annotation
angular/profile-card-v20,react/button-primary-v34,different,medium,synthetic annotation
angular/profile-card-v20,react/profile-card-v1,duplicate,medium,synthetic annotation
angular/profile-card-v20,react/profile-card-v2,duplicate,medium,synthetic annotation
angular/profile-card-v20,react/profile-card-v3,duplicate,medium,synthetic annotation
angular/profile-card-v20,react/profile-card-v4,duplicate,medium,synthetic annotation
angular/profile-card-v20,react/profile-card-v5,duplicate,medium,synthetic annotation
angular/profile-card-v20,react/profile-card-v6,duplicate,medium,synthetic annotation
angular/profile-card-v20,react/table-report-v29,different,medium,synthetic annotation
angular/profile-card-v21,react/profile-card-v1,duplicate,medium,synthetic annotation
angular/profile-card-v21,react/profile-card-v2,duplicate,medium,synthetic annotation
angular/profile-card-v21,react/profile-card-v3,duplicate,medium,synthetic annotation
angular/profile-card-v21,react/profile-card-v4,duplicate,medium,synthetic annotation
angular/profile-card-v21,react/profile-card-v5,duplicate,medium,synthetic annotation
angular/profile-card-v21,react/profile-card-v6,duplicate,medium,synthetic annotation
angular/profile-card-v21,vue/button-primary-v13,near_duplicate,medium,synthetic annotation
angular/profile-card-v21,vue/table-report-v31,different,medium,synthetic annotation
angular/profile-card-v22,react/modal-login-v17,different,medium,synthetic annotation
angular/profile-card-v22,react/profile-card-v1,duplicate,medium,synthetic annotation
angular/profile-card-v22,react/profile-card-v2,duplicate,medium,synthetic annotation
angular/profile-card-v22,react/profile-card-v3,duplicate,medium,synthetic annotation
angular/profile-card-v22,react/profile-card-v4,duplicate,medium,synthetic annotation
angular/profile-card-v22,react/profile-card-v5,duplicate,medium,synthetic annotation
angular/profile-card-v22,react/profile-card-v6,duplicate,medium,synthetic annotation
angular/profile-card-v22,vue/search-input-v2,different,medium,synthetic annotation
angular/profile-card-v23,angular/button-primary-v31,different,medium,synthetic annotation
angular/profile-card-v23,angular/search-input-v23,different,medium,synthetic annotation
angular/profile-card-v23,react/profile-card-v1,duplicate,medium,synthetic annotation
angular/profile-card-v23,react/profile-card-v2,duplicate,medium,synthetic annotation
angular/profile-card-v23,react/profile-card-v3,duplicate,medium,synthetic annotation
angular/profile-card-v23,react/profile-card-v4,duplicate,medium,synthetic annotation
angular/profile-card-v23,react/profile-card-v5,duplicate,medium,synthetic annotation
angular/profile-card-v23,react/profile-card-v6,duplicate,medium,synthetic annotation
angular/profile-card-v25,angular/modal-login-v7,different,medium,synthetic annotation
angular/profile-card-v25,react/profile-card-v1,duplicate,medium,synthetic annotation
angular/profile-card-v25,react/profile-card-v2,duplicate,medium,synthetic annotation
angular/profile-card-v25,react/profile-card-v3,duplicate,medium,synthetic annotation
angular/profile-card-v25,react/profile-card-v4,duplicate,medium,synthetic annotation
angular/profile-card-v25,react/profile-card-v5,duplicate,medium,synthetic annotation
angular/profile-card-v25,react/profile-card-v6,duplicate,medium,synthetic annotation
angular/profile-card-v25,react/search-input-v28,duplicate,medium,synthetic annotation
angular/profile-card-v25,vue/button-primary-v24,different,medium,synthetic annotation
angular/profile-card-v25,vue/modal-login-v2,different,medium,synthetic annotation
angular/profile-card-v26,angular/modal-login-v1,different,medium,synthetic annotation
angular/profile-card-v26,react/profile-card-v1,duplicate,medium,synthetic annotation
angular/profile-card-v26,react/profile-card-v2,duplicate,medium,synthetic annotation
angular/profile-card-v26,react/profile-card-v3,duplicate,medium,synthetic annotation
angular/profile-card-v26,react/profile-card-v4,duplicate,medium,synthetic annotation
angular/profile-card-v26,react/profile-card-v5,duplicate,medium,synthetic annotation
angular/profile-card-v26,react/profile-card-v6,duplicate,medium,synthetic annotation
angular/profile-card-v26,vue/button-primary-v5,different,medium,synthetic annotation
angular/profile-card-v27,angular/search-input-v15,different,medium,synthetic annotation
angular/profile-card-v27,react/modal-login-v36,different,medium,synthetic annotation
angular/profile-card-v27,react/profile-card-v1,duplicate,medium,synthetic annotation
angular/profile-card-v27,react/profile-card-v2,duplicate,medium,synthetic annotation
angular/profile-card-v27,react/profile-card-v3,duplicate,medium,synthetic annotation
angular/profile-card-v27,react/profile-card-v4,duplicate,medium,synthetic annotation
angular/profile-card-v27,react/profile-card-v5,duplicate,medium,synthetic annotation
angular/profile-card-v27,react/profile-card-v6,duplicate,medium,synthetic annotation
angular/profile-card-v28,react/button-primary-v31,different,medium,synthetic annotation
angular/profile-card-v28,react/profile-card-v1,duplicate,medium,synthetic annotation
angular/profile-card-v28,react/profile-card-v2,duplicate,medium,synthetic annotation
angular/profile-card-v28,react/profile-card-v3,duplicate,medium,synthetic annotation
angular/profile-card-v28,react/profile-card-v4,duplicate,medium,synthetic annotation
angular/profile-card-v28,react/profile-card-v5,duplicate,medium,synthetic annotation
angular/profile-card-v28,react/profile-card-v6,near_duplicate,medium,synthetic annotation
angular/profile-card-v28,vue/modal-login-v23,different,medium,synthetic annotation
angular/profile-card-v31,react/modal-login-v27,different,medium,synthetic annotation
angular/profile-card-v31,react/profile-card-v1,duplicate,medium,synthetic annotation
angular/profile-card-v31,react/profile-card-v2,duplicate,medium,synthetic annotation
angular/profile-card-v31,react/profile-card-v3,duplicate,medium,synthetic annotation
angular/profile-card-v31,react/profile-card-v4,duplicate,medium,synthetic annotation
angular/profile-card-v31,react/profile-card-v5,duplicate,medium,synthetic annotation
angular/profile-card-v31,react/profile-card-v6,duplicate,medium,synthetic annotation
angular/profile-card-v31,react/search-input-v5,different,medium,synthetic annotation
angular/profile-card-v31,react/search-input-v9,different,medium,synthetic annotation
angular/profile-card-v31,vue/button-primary-v12,different,medium,synthetic annotation
angular/profile-card-v31,vue/button-primary-v19,different,medium,synthetic annotation
angular/profile-card-v31,vue/button-primary-v29,different,medium,synthetic annotation
angular/profile-card-v33,react/profile-card-v1,duplicate,medium,synthetic annotation
angular/profile-card-v33,react/profile-card-v2,duplicate,medium,synthetic annotation
angular/profile-card-v33,react/profile-card-v3,duplicate,medium,synthetic annotation
angular/profile-card-v33,react/profile-card-v4,duplicate,medium,synthetic annotation
angular/profile-card-v33,react/profile-card-v5,duplicate,medium,synthetic annotation
angular/profile-card-v33,react/profile-card-v6,duplicate,medium,synthetic annotation
angular/profile-card-v33,react/search-input-v34,near_duplicate,medium,synthetic annotation
angular/profile-card-v33,vue/button-primary-v35,different,medium,synthetic annotation
angular/profile-card-v34,react/modal-login-v1,different,medium,synthetic annotation
angular/profile-card-v34,react/profile-card-v1,duplicate,medium,synthetic annotation
angular/profile-card-v34,react/profile-card-v2,duplicate,medium,synthetic annotation
angular/profile-card-v34,react/profile-card-v3,duplicate,medium,synthetic annotation
angular/profile-card-v34,react/profile-card-v4,duplicate,medium,synthetic annotation
angular/profile-card-v34,react/profile-card-v5,duplicate,medium,synthetic annotation
angular/profile-card-v34,react/profile-card-v6,duplicate,medium,synthetic annotation
angular/profile-card-v34,react/table-report-v25,different,medium,synthetic annotation
angular/profile-card-v36,angular/table-report-v4,different,medium,synthetic annotation
angular/profile-card-v36,react/button-primary-v13,duplicate,medium,synthetic annotation
angular/profile-card-v36,react/profile-card-v1,duplicate,medium,synthetic annotation
angular/profile-card-v36,react/profile-card-v2,duplicate,medium,synthetic annotation
angular/profile-card-v36,react/profile-card-v3,duplicate,medium,synthetic annotation
angular/profile-card-v36,react/profile-card-v4,duplicate,medium,synthetic annotation
angular/profile-card-v36,react/profile-card-v5,duplicate,medium,synthetic annotation
angular/profile-card-v36,react/profile-card-v6,duplicate,medium,synthetic annotation
angular/profile-card-v36,vue/modal-login-v17,different,medium,synthetic annotation
angular/profile-card-v36,vue/modal-login-v2,different,medium,synthetic annotation
angular/profile-card-v5,react/profile-card-v1,duplicate,medium,synthetic annotation
angular/profile-card-v5,react/profile-card-v2,duplicate,medium,synthetic annotation
angular/profile-card-v5,react/profile-card-v3,duplicate,medium,synthetic annotation
angular/profile-card-v5,react/profile-card-v4,duplicate,medium,synthetic annotation
angular/profile-card-v5,react/profile-card-v5,duplicate,medium,synthetic annotation
angular/profile-card-v5,react/profile-card-v6,duplicate,medium,synthetic annotation
angular/profile-card-v5,react/table-report-v27,different,medium,synthetic annotation
angular/profile-card-v5,vue/button-primary-v15,different,medium,synthetic annotation
angular/profile-card-v9,react/profile-card-v1,duplicate,medium,synthetic annotation
angular/profile-card-v9,react/profile-card-v2,duplicate,medium,synthetic annotation
angular/profile-card-v9,react/profile-card-v3,duplicate,medium,synthetic annotation
angular/profile-card-v9,react/profile-card-v4,duplicate,medium,synthetic annotation
angular/profile-card-v9,react/profile-card-v5,duplicate,medium,synthetic annotation
angular/profile-card-v9,react/profile-card-v6,duplicate,medium,synthetic annotation
angular/profile-card-v9,react/search-input-v23,different,medium,synthetic annotation
angular/profile-card-v9,react/table-report-v18,different,medium,synthetic annotation
angular/profile-card-v9,vue/search-input-v13,different,medium,synthetic annotation
angular/profile-card-v9,vue/table-report-v28,different,medium,synthetic annotation
angular/search-input-v10,angular/modal-login-v33,different,medium,synthetic annotation
angular/search-input-v10,angular/modal-login-v34,different,medium,synthetic annotation
angular/search-input-v10,angular/profile-card-v24,different,medium,synthetic annotation
angular/search-input-v10,react/search-input-v1,duplicate,medium,synthetic annotation
angular/search-input-v10,react/search-input-v2,duplicate,medium,synthetic annotation
angular/search-input-v10,react/search-input-v3,duplicate,medium,synthetic annotation
angular/search-input-v10,react/search-input-v4,duplicate,medium,synthetic annotation
angular/search-input-v10,react/search-input-v5,duplicate,medium,synthetic annotation
angular/search-input-v10,react/search-input-v6,duplicate,medium,synthetic annotation
angular/search-input-v10,vue/profile-card-v30,different,medium,synthetic annotation
angular/search-input-v12,angular/table-report-v28,different,medium,synthetic annotation
angular/search-input-v12,react/button-primary-v21,different,medium,synthetic annotation
angular/search-input-v12,react/search-input-v1,duplicate,medium,synthetic annotation
angular/search-input-v12,react/search-input-v2,duplicate,medium,synthetic annotation
angular/search-input-v12,react/search-input-v3,duplicate,medium,synthetic annotation
angular/search-input-v12,react/search-input-v4,duplicate,medium,synthetic annotation
angular/search-input-v12,react/search-input-v5,duplicate,medium,synthetic annotation
angular/search-input-v12,react/search-input-v6,duplicate,medium,synthetic annotation
angular/search-input-v13,react/modal-login-v19,different,medium,synthetic annotation
angular/search-input-v13,react/search-input-v1,duplicate,medium,synthetic annotation
angular/search-input-v13,react/search-input-v2,duplicate,medium,synthetic annotation
angular/search-input-v13,react/search-input-v3,duplicate,medium,synthetic annotation
angular/search-input-v13,react/search-input-v4,duplicate,medium,synthetic annotation
angular/search-input-v13,react/search-input-v5,duplicate,medium,synthetic annotation
angular/search-input-v13,react/search-input-v6,duplicate,medium,synthetic annotation
angular/search-input-v13,vue/profile-card-v9,different,medium,synthetic annotation
angular/search-input-v15,angular/button-primary-v25,near_duplicate,medium,synthetic annotation
angular/search-input-v15,react/modal-login-v6,different,medium,synthetic annotation
angular/search-input-v15,react/profile-card-v24,different,medium,synthetic annotation
angular/search-input-v15,react/search-input-v1,duplicate,medium,synthetic annotation
angular/search-input-v15,react/search-input-v2,duplicate,medium,synthetic annotation
angular/search-input-v15,react/search-input-v3,duplicate,medium,synthetic annotation
angular/search-input-v15,react/search-input-v4,duplicate,medium,synthetic annotation
angular/search-input-v15,react/search-input-v5,duplicate,medium,synthetic annotation
angular/search-input-v15,react/search-input-v6,duplicate,medium,synthetic annotation
angular/search-input-v15,vue/button-primary-v3,different,medium,synthetic annotation
angular/search-input-v17,angular/profile-card-v3,different,medium,synthetic annotation
angular/search-input-v17,react/button-primary-v2,near_duplicate,medium,synthetic annotation
angular/search-input-v17,react/search-input-v1,duplicate,medium,synthetic annotation
angular/search-input-v17,react/search-input-v2,duplicate,medium,synthetic annotation
angular/search-input-v17,react/search-input-v3,duplicate,medium,synthetic annotation
angular/search-input-v17,react/search-input-v4,duplicate,medium,synthetic annotation
angular/search-input-v17,react/search-input-v5,duplicate,medium,synthetic annotation
angular/search-input-v17,react/search-input-v6,duplicate,medium,synthetic annotation
angular/search-input-v2,angular/table-report-v15,near_duplicate,medium,synthetic annotation
angular/search-input-v2,react/search-input-v1,duplicate,medium,synthetic annotation
angular/search-input-v2,react/search-input-v2,different,medium,synthetic annotation
angular/search-input-v2,react/search-input-v3,duplicate,medium,synthetic annotation
angular/search-input-v2,react/search-input-v4,duplicate,medium,synthetic annotation
angular/search-input-v2,react/search-input-v5,duplicate,medium,synthetic annotation
angular/search-input-v2,react/search-input-v6,duplicate,medium,synthetic annotation
angular/search-input-v2,vue/profile-card-v11,different,medium,synthetic annotation
angular/search-input-v20,react/search-input-v1,duplicate,medium,synthetic annotation
angular/search-input-v20,react/search-input-v2,duplicate,medium,synthetic annotation
angular/search-input-v20,react/search-input-v3,duplicate,medium,synthetic annotation
angular/search-input-v20,react/search-input-v4,duplicate,medium,synthetic annotation
angular/search-input-v20,react/search-input-v5,duplicate,medium,synthetic annotation
angular/search-input-v20,react/search-input-v6,duplicate,medium,synthetic annotation
angular/search-input-v20,react/table-report-v21,different,medium,synthetic annotation
angular/search-input-v20,vue/button-primary-v20,duplicate,medium,synthetic annotation
angular/search-input-v22,angular/modal-login-v11,different,medium,synthetic annotation
angular/search-input-v22,angular/profile-card-v34,different,medium,synthetic annotation
angular/search-input-v22,react/search-input-v1,duplicate,medium,synthetic annotation
angular/search-input-v22,react/search-input-v2,duplicate,medium,synthetic annotation
angular/search-input-v22,react/search-input-v3,duplicate,medium,synthetic annotation
angular/search-input-v22,react/search-input-v4,duplicate,medium,synthetic annotation
angular/search-input-v22,react/search-input-v5,duplicate,medium,synthetic annotation
angular/search-input-v22,react/search-input-v6,duplicate,medium,synthetic annotation
angular/search-input-v23,react/search-input-v1,near_duplicate,medium,synthetic annotation
angular/search-input-v23,react/search-input-v2,duplicate,medium,synthetic annotation
angular/search-input-v23,react/search-input-v3,duplicate,medium,synthetic annotation
angular/search-input-v23,react/search-input-v4,duplicate,medium,synthetic annotation
angular/search-input-v23,react/search-input-v5,duplicate,medium,synthetic annotation
angular/search-input-v23,react/search-input-v6,duplicate,medium,synthetic annotation
angular/search-input-v23,vue/modal-login-v8,different,medium,synthetic annotation
angular/search-input-v23,vue/table-report-v18,different,medium,synthetic annotation
angular/search-input-v25,angular/profile-card-v6,different,medium,synthetic annotation
angular/search-input-v25,angular/table-report-v4,different,medium,synthetic annotation
angular/search-input-v25,react/search-input-v1,duplicate,medium,synthetic annotation
angular/search-input-v25,react/search-input-v2,duplicate,medium,synthetic annotation
angular/search-input-v25,react/search-input-v3,duplicate,medium,synthetic annotation
angular/search-input-v25,react/search-input-v4,duplicate,medium,synthetic annotation
angular/search-input-v25,react/search-input-v5,near_duplicate,medium,synthetic annotation
angular/search-input-v25,react/search-input-v6,duplicate,medium,synthetic annotation
angular/search-input-v26,angular/button-primary-v20,different,medium,synthetic annotation
angular/search-input-v26,react/search-input-v1,duplicate,medium,synthetic annotation
angular/search-input-v26,react/search-input-v2,duplicate,medium,synthetic annotation
angular/search-input-v26,react/search-input-v3,duplicate,medium,synthetic annotation
angular/search-input-v26,react/search-input-v4,duplicate,medium,synthetic annotation
angular/search-input-v26,react/search-input-v5,duplicate,medium,synthetic annotation
angular/search-input-v26,react/search-input-v6,duplicate,medium,synthetic annotation
angular/search-input-v26,vue/profile-card-v27,different,medium,synthetic annotation
angular/search-input-v27,react/modal-login-v3,different,medium,synthetic annotation
angular/search-input-v27,react/search-input-v1,duplicate,medium,synthetic annotation
angular/search-input-v27,react/search-input-v2,duplicate,medium,synthetic annotation
angular/search-input-v27,react/search-input-v3,duplicate,medium,synthetic annotation
angular/search-input-v27,react/search-input-v4,duplicate,medium,synthetic annotation
angular/search-input-v27,react/search-input-v5,duplicate,medium,synthetic annotation
angular/search-input-v27,react/search-input-v6,duplicate,medium,synthetic annotation
angular/search-input-v27,react/table-report-v20,different,medium,synthetic annotation
angular/search-input-v28,angular/modal-login-v18,different,medium,synthetic annotation
angular/search-input-v28,angular/table-report-v4,different,medium,synthetic annotation
angular/search-input-v28,react/search-input-v1,duplicate,medium,synthetic annotation
angular/search-input-v28,react/search-input-v2,duplicate,medium,synthetic annotation
angular/search-input-v28,react/search-input-v3,duplicate,medium,synthetic annotation
angular/search-input-v28,react/search-input-v4,duplicate,medium,synthetic annotation
angular/search-input-v28,react/search-input-v5,duplicate,medium,synthetic annotation
angular/search-input-v28,react/search-input-v6,duplicate,medium,synthetic annotation
angular/search-input-v31,react/modal-login-v24,different,medium,synthetic annotation
angular/search-input-v31,react/search-input-v1,duplicate,medium,synthetic annotation
angular/search-input-v31,react/search-input-v2,duplicate,medium,synthetic annotation
angular/search-input-v31,react/search-input-v3,duplicate,medium,synthetic annotation
angular/search-input-v31,react/search-input-v4,duplicate,medium,synthetic annotation
angular/search-input-v31,react/search-input-v5,duplicate,medium,synthetic annotation
angular/search-input-v31,react/search-input-v6,duplicate,medium,synthetic annotation
angular/search-input-v31,react/table-report-v22,different,medium,synthetic annotation
angular/search-input-v33,angular/button-primary-v27,different,medium,synthetic annotation
angular/search-input-v33,angular/modal-login-v34,different,medium,synthetic annotation
angular/search-input-v33,angular/profile-card-v26,different,medium,synthetic annotation
angular/search-input-v33,react/modal-login-v9,different,medium,synthetic annotation
angular/search-input-v33,react/profile-card-v25,different,medium,synthetic annotation
angular/search-input-v33,react/search-input-v1,duplicate,medium,synthetic annotation
angular/search-input-v33,react/search-input-v2,duplicate,medium,synthetic annotation
angular/search-input-v33,react/search-input-v3,duplicate,medium,synthetic annotation
angular/search-input-v33,react/search-input-v4,duplicate,medium,synthetic annotation
angular/search-input-v33,react/search-input-v5,duplicate,medium,synthetic annotation
angular/search-input-v33,react/search-input-v6,duplicate,medium,synthetic annotation
angular/search-input-v33,vue/profile-card-v25,duplicate,medium,synthetic annotation
angular/search-input-v35,angular/modal-login-v32,different,medium,synthetic annotation
angular/search-input-v35,react/button-primary-v20,different,medium,synthetic annotation
angular/search-input-v35,react/search-input-v1,duplicate,medium,synthetic annotation
angular/search-input-v35,react/search-input-v2,duplicate,medium,synthetic annotation
angular/search-input-v35,react/search-input-v3,duplicate,medium,synthetic annotation
angular/search-input-v35,react/search-input-v4,duplicate,medium,synthetic annotation
angular/search-input-v35,react/search-input-v5,duplicate,medium,synthetic annotation
angular/search-input-v35,react/search-input-v6,different,medium,synthetic annotation
angular/search-input-v36,angular/table-report-v27,different,medium,synthetic annotation
angular/search-input-v36,react/modal-login-v25,different,medium,synthetic annotation
angular/search-input-v36,react/search-input-v1,duplicate,medium,synthetic annotation
angular/search-input-v36,react/search-input-v2,duplicate,medium,synthetic annotation
angular/search-input-v36,react/search-input-v3,duplicate,medium,synthetic annotation
angular/search-input-v36,react/search-input-v4,duplicate,medium,synthetic annotation
angular/search-input-v36,react/search-input-v5,duplicate,medium,synthetic annotation
angular/search-input-v36,react/search-input-v6,duplicate,medium,synthetic annotation
angular/search-input-v36,vue/profile-card-v18,different,medium,synthetic annotation
angular/search-input-v36,vue/profile-card-v22,different,medium,synthetic annotation
angular/search-input-v8,angular/modal-login-v5,different,medium,synthetic annotation
angular/search-input-v8,react/search-input-v1,duplicate,medium,synthetic annotation
angular/search-input-v8,react/search-input-v2,duplicate,medium,synthetic annotation
angular/search-input-v8,react/search-input-v3,duplicate,medium,synthetic annotation
angular/search-input-v8,react/search-input-v4,duplicate,medium,synthetic annotation
angular/search-input-v8,react/search-input-v5,duplicate,medium,synthetic annotation
angular/search-input-v8,react/search-input-v6,duplicate,medium,synthetic annotation
angular/search-input-v8,vue/table-report-v12,different,medium,synthetic annotation
angular/table-report-v1,react/profile-card-v35,different,medium,synthetic annotation
angular/table-report-v1,react/table-report-v1,duplicate,medium,synthetic annotation
angular/table-report-v1,react/table-report-v2,duplicate,medium,synthetic annotation
angular/table-report-v1,react/table-report-v3,duplicate,medium,synthetic annotation
angular/table-report-v1,react/table-report-v4,duplicate,medium,synthetic annotation
angular/table-report-v1,react/table-report-v5,duplicate,medium,synthetic annotation
angular/table-report-v1,react/table-report-v6,duplicate,medium,synthetic annotation
angular/table-report-v1,vue/modal-login-v8,different,medium,synthetic annotation
angular/table-report-v10,angular/button-primary-v11,different,medium,synthetic annotation
angular/table-report-v10,react/modal-login-v34,different,medium,synthetic annotation
angular/table-report-v10,react/table-report-v1,duplicate,medium,synthetic annotation
angular/table-report-v10,react/table-report-v2,duplicate,medium,synthetic annotation
angular/table-report-v10,react/table-report-v3,duplicate,medium,synthetic annotation
angular/table-report-v10,react/table-report-v4,duplicate,medium,synthetic annotation
angular/table-report-v10,react/table-report-v5,duplicate,medium,synthetic annotation
angular/table-report-v10,react/table-report-v6,duplicate,medium,synthetic annotation
angular/table-report-v11,angular/button-primary-v9,different,medium,synthetic annotation
angular/table-report-v11,angular/profile-card-v6,different,medium,synthetic annotation
angular/table-report-v11,react/table-report-v1,duplicate,medium,synthetic annotation
angular/table-report-v11,react/table-report-v2,different,medium,synthetic annotation
angular/table-report-v11,react/table-report-v3,duplicate,medium,synthetic annotation
angular/table-report-v11,react/table-report-v4,duplicate,medium,synthetic annotation
angular/table-report-v11,react/table-report-v5,duplicate,medium,synthetic annotation
angular/table-report-v11,react/table-report-v6,duplicate,medium,synthetic annotation
angular/table-report-v13,angular/button-primary-v32,different,medium,synthetic annotation
angular/table-report-v13,react/modal-login-v6,different,medium,synthetic annotation
angular/table-report-v13,react/table-report-v1,duplicate,medium,synthetic annotation
angular/table-report-v13,react/table-report-v2,duplicate,medium,synthetic annotation
angular/table-report-v13,react/table-report-v3,duplicate,medium,synthetic annotation
angular/table-report-v13,react/table-report-v4,duplicate,medium,synthetic annotation
angular/table-report-v13,react/table-report-v5,duplicate,medium,synthetic annotation
angular/table-report-v13,react/table-report-v6,duplicate,medium,synthetic annotation
angular/table-report-v14,angular/modal-login-v32,different,medium,synthetic annotation
angular/table-report-v14,angular/search-input-v11,different,medium,synthetic annotation
angular/table-report-v14,react/table-report-v1,duplicate,medium,synthetic annotation
angular/table-report-v14,react/table-report-v2,duplicate,medium,synthetic annotation
angular/table-report-v14,react/table-report-v3,duplicate,medium,synthetic annotation
angular/table-report-v14,react/table-report-v4,duplicate,medium,synthetic annotation
angular/table-report-v14,react/table-report-v5,duplicate,medium,synthetic annotation
angular/table-report-v14,react/table-report-v6,duplicate,medium,synthetic annotation
angular/table-report-v14,vue/button-primary-v13,different,medium,synthetic annotation
angular/table-report-v14,vue/profile-card-v13,different,medium,synthetic annotation
angular/table-report-v15,angular/modal-login-v8,different,medium,synthetic annotation
angular/table-report-v15,angular/profile-card-v1,different,medium,synthetic annotation
angular/table-report-v15,angular/profile-card-v29,different,medium,synthetic annotation
angular/table-report-v15,react/button-primary-v11,different,medium,synthetic annotation
angular/table-report-v15,react/button-primary-v5,different,medium,synthetic annotation
angular/table-report-v15,react/table-report-v1,duplicate,medium,synthetic annotation
angular/table-report-v15,react/table-report-v2,duplicate,medium,synthetic annotation
angular/table-report-v15,react/table-report-v3,duplicate,medium,synthetic annotation
angular/table-report-v15,react/table-report-v4,duplicate,medium,synthetic annotation
angular/table-report-v15,react/table-report-v5,duplicate,medium,synthetic annotation
angular/table-report-v15,react/table-report-v6,duplicate,medium,synthetic annotation
angular/table-report-v15,vue/search-input-v2,different,medium,synthetic annotation
angular/table-report-v17,angular/button-primary-v31,different,medium,synthetic annotation
angular/table-report-v17,react/profile-card-v13,different,medium,synthetic annotation
angular/table-report-v17,react/table-report-v1,duplicate,medium,synthetic annotation
angular/table-report-v17,react/table-report-v2,duplicate,medium,synthetic annotation
angular/table-report-v17,react/table-report-v3,duplicate,medium,synthetic annotation
angular/table-report-v17,react/table-report-v4,duplicate,medium,synthetic annotation
angular/table-report-v17,react/table-report-v5,duplicate,medium,synthetic annotation
angular/table-report-v17,react/table-report-v6,duplicate,medium,synthetic annotation
angular/table-report-v18,angular/profile-card-v10,different,medium,synthetic annotation
angular/table-report-v18,react/table-report-v1,duplicate,medium,synthetic annotation
angular/table-report-v18,react/table-report-v2,duplicate,medium,synthetic annotation
angular/table-report-v18,react/table-report-v3,near_duplicate,medium,synthetic annotation
angular/table-report-v18,react/table-report-v4,duplicate,medium,synthetic annotation
angular/table-report-v18,react/table-report-v5,duplicate,medium,synthetic annotation
angular/table-report-v18,react/table-report-v6,duplicate,medium,synthetic annotation
angular/table-report-v18,vue/button-primary-v2,different,medium,synthetic annotation
angular/table-report-v18,vue/button-primary-v24,different,medium,synthetic annotation
angular/table-report-v18,vue/search-input-v12,different,medium,synthetic annotation
angular/table-report-v20,react/profile-card-v31,different,medium,synthetic annotation
angular/table-report-v20,react/table-report-v1,duplicate,medium,synthetic annotation
angular/table-report-v20,react/table-report-v2,duplicate,medium,synthetic annotation
angular/table-report-v20,react/table-report-v3,duplicate,medium,synthetic annotation
angular/table-report-v20,react/table-report-v4,duplicate,medium,synthetic annotation
angular/table-report-v20,react/table-report-v5,duplicate,medium,synthetic annotation
angular/table-report-v20,react/table-report-v6,duplicate,medium,synthetic annotation
angular/table-report-v20,vue/search-input-v1,different,medium,synthetic annotation
angular/table-report-v23,angular/button-primary-v29,different,medium,synthetic annotation
angular/table-report-v23,angular/profile-card-v13,different,medium,synthetic annotation
angular/table-report-v23,react/table-report-v1,duplicate,medium,synthetic annotation
angular/table-report-v23,react/table-report-v2,duplicate,medium,synthetic annotation
angular/table-report-v23,react/table-report-v3,duplicate,medium,synthetic annotation
angular/table-report-v23,react/table-report-v4,duplicate,medium,synthetic annotation
angular/table-report-v23,react/table-report-v5,duplicate,medium,synthetic annotation
angular/table-report-v23,react/table-report-v6,duplicate,medium,synthetic annotation
angular/table-report-v25,angular/button-primary-v16,different,medium,synthetic annotation
angular/table-report-v25,react/profile-card-v34,different,medium,synthetic annotation
angular/table-report-v25,react/table-report-v1,duplicate,medium,synthetic annotation
angular/table-report-v25,react/table-report-v2,duplicate,medium,synthetic annotation
angular/table-report-v25,react/table-report-v3,duplicate,medium,synthetic annotation
angular/table-report-v25,react/table-report-v4,duplicate,medium,synthetic annotation
angular/table-report-v25,react/table-report-v5,duplicate,medium,synthetic annotation
angular/table-report-v25,react/table-report-v6,duplicate,medium,synthetic annotation
angular/table-report-v26,react/table-report-v1,near_duplicate,medium,synthetic annotation
angular/table-report-v26,react/table-report-v2,duplicate,medium,synthetic annotation
angular/table-report-v26,react/table-report-v3,duplicate,medium,synthetic annotation
angular/table-report-v26,react/table-report-v4,duplicate,medium,synthetic annotation
angular/table-report-v26,react/table-report-v5,duplicate,medium,synthetic annotation
angular/table-report-v26,react/table-report-v6,duplicate,medium,synthetic annotation
angular/table-report-v26,vue/modal-login-v34,different,medium,synthetic annotation
angular/table-report-v26,vue/search-input-v17,different,medium,synthetic annotation
angular/table-report-v27,react/table-report-v1,duplicate,medium,synthetic annotation
angular/table-report-v27,react/table-report-v2,duplicate,medium,synthetic annotation
angular/table-report-v27,react/table-report-v3,duplicate,medium,synthetic annotation
angular/table-report-v27,react/table-report-v4,duplicate,medium,synthetic annotation
angular/table-report-v27,react/table-report-v5,duplicate,medium,synthetic annotation
angular/table-report-v27,react/table-report-v6,duplicate,medium,synthetic annotation
angular/table-report-v27,vue/button-primary-v31,different,medium,synthetic annotation
angular/table-report-v27,vue/modal-login-v10,different,medium,synthetic annotation
angular/table-report-v28,angular/modal-login-v1,different,medium,synthetic annotation
angular/table-report-v28,angular/profile-card-v6,different,medium,synthetic annotation
angular/table-report-v28,react/table-report-v1,duplicate,medium,synthetic annotation
angular/table-report-v28,react/table-report-v2,duplicate,medium,synthetic annotation
angular/table-report-v28,react/table-report-v3,duplicate,medium,synthetic annotation
angular/table-report-v28,react/table-report-v4,duplicate,medium,synthetic annotation
angular/table-report-v28,react/table-report-v5,duplicate,medium,synthetic annotation
angular/table-report-v28,react/table-report-v6,duplicate,medium,synthetic annotation
angular/table-report-v29,angular/search-input-v33,different,medium,synthetic annotation
angular/table-report-v29,react/profile-card-v21,different,medium,synthetic annotation
angular/table-report-v29,react/table-report-v1,duplicate,medium,synthetic annotation
angular/table-report-v29,react/table-report-v2,duplicate,medium,synthetic annotation
angular/table-report-v29,react/table-report-v3,duplicate,medium,synthetic annotation
angular/table-report-v29,react/table-report-v4,duplicate,medium,synthetic annotation
angular/table-report-v29,react/table-report-v5,duplicate,medium,synthetic annotation
angular/table-report-v29,react/table-report-v6,duplicate,medium,synthetic annotation
angular/table-report-v3,angular/button-primary-v16,different,medium,synthetic annotation
angular/table-report-v3,react/table-report-v1,duplicate,medium,synthetic annotation
angular/table-report-v3,react/table-report-v2,duplicate,medium,synthetic annotation
angular/table-report-v3,react/table-report-v3,duplicate,medium,synthetic annotation
angular/table-report-v3,react/table-report-v4,duplicate,medium,synthetic annotation
angular/table-report-v3,react/table-report-v5,duplicate,medium,synthetic annotation
angular/table-report-v3,react/table-report-v6,duplicate,medium,synthetic annotation
angular/table-report-v3,vue/profile-card-v1,different,medium,synthetic annotation
angular/table-report-v32,react/button-primary-v22,different,medium,synthetic annotation
angular/table-report-v32,react/modal-login-v8,different,medium,synthetic annotation
angular/table-report-v32,react/table-report-v1,duplicate,medium,synthetic annotation
angular/table-report-v32,react/table-report-v2,duplicate,medium,synthetic annotation
angular/table-report-v32,react/table-report-v3,duplicate,medium,synthetic annotation
angular/table-report-v32,react/table-report-v4,duplicate,medium,synthetic annotation
angular/table-report-v32,react/table-report-v5,duplicate,medium,synthetic annotation
angular/table-report-v32,react/table-report-v6,duplicate,medium,synthetic annotation
angular/table-report-v34,angular/search-input-v35,different,medium,synthetic annotation
angular/table-report-v34,react/table-report-v1,duplicate,medium,synthetic annotation
angular/table-report-v34,react/table-report-v2,duplicate,medium,synthetic annotation
angular/table-report-v34,react/table-report-v3,duplicate,medium,synthetic annotation
angular/table-report-v34,react/table-report-v4,duplicate,medium,synthetic annotation
angular/table-report-v34,react/table-report-v5,duplicate,medium,synthetic annotation
angular/table-report-v34,react/table-report-v6,duplicate,medium,synthetic annotation
angular/table-report-v34,vue/modal-login-v27,different,medium,synthetic annotation
angular/table-report-v5,angular/modal-login-v29,different,medium,synthetic annotation
angular/table-report-v5,react/table-report-v1,duplicate,medium,synthetic annotation
angular/table-report-v5,react/table-report-v2,duplicate,medium,synthetic annotation
angular/table-report-v5,react/table-report-v3,duplicate,medium,synthetic annotation
angular/table-report-v5,react/table-report-v4,duplicate,medium,synthetic annotation
angular/table-report-v5,react/table-report-v5,duplicate,medium,synthetic annotation
angular/table-report-v5,react/table-report-v6,duplicate,medium,synthetic annotation
angular/table-report-v5,vue/search-input-v18,different,medium,synthetic annotation
angular/table-report-v6,react/table-report-v1,duplicate,medium,synthetic annotation
angular/table-report-v6,react/table-report-v2,duplicate,medium,synthetic annotation
angular/table-report-v6,react/table-report-v3,duplicate,medium,synthetic annotation
angular/table-report-v6,react/table-report-v4,duplicate,medium,synthetic annotation
angular/table-report-v6,react/table-report-v5,duplicate,medium,synthetic annotation
angular/table-report-v6,react/table-report-v6,duplicate,medium,synthetic annotation
angular/table-report-v6,vue/modal-login-v10,different,medium,synthetic annotation
angular/table-report-v6,vue/profile-card-v26,different,medium,synthetic annotation
react/button-primary-v14,angular/button-primary-v1,duplicate,medium,synthetic annotation
react/button-primary-v14,angular/button-primary-v2,duplicate,medium,synthetic annotation
react/button-primary-v14,angular/button-primary-v3,duplicate,medium,synthetic annotation
react/button-primary-v14,angular/button-primary-v4,duplicate,medium,synthetic annotation
react/button-primary-v14,angular/button-primary-v5,duplicate,medium,synthetic annotation
react/button-primary-v14,angular/button-primary-v6,duplicate,medium,synthetic annotation
react/button-primary-v14,angular/search-input-v36,different,medium,synthetic annotation
react/button-primary-v14,vue/profile-card-v11,different,medium,synthetic annotation
react/button-primary-v14,vue/profile-card-v35,different,medium,synthetic annotation
react/button-primary-v14,vue/search-input-v18,different,medium,synthetic annotation
react/button-primary-v14,vue/search-input-v6,different,medium,synthetic annotation
react/button-primary-v14,vue/table-report-v5,different,medium,synthetic annotation
react/button-primary-v17,angular/button-primary-v1,duplicate,medium,synthetic annotation
react/button-primary-v17,angular/button-primary-v2,duplicate,medium,synthetic annotation
react/button-primary-v17,angular/button-primary-v3,duplicate,medium,synthetic annotation
react/button-primary-v17,angular/button-primary-v4,duplicate,medium,synthetic annotation
react/button-primary-v17,angular/button-primary-v5,duplicate,medium,synthetic annotation
react/button-primary-v17,angular/button-primary-v6,duplicate,medium,synthetic annotation
react/button-primary-v17,angular/profile-card-v34,different,medium,synthetic annotation
react/button-primary-v17,vue/search-input-v17,different,medium,synthetic annotation
react/button-primary-v18,angular/button-primary-v1,duplicate,medium,synthetic annotation
react/button-primary-v18,angular/button-primary-v2,duplicate,medium,synthetic annotation
react/button-primary-v18,angular/button-primary-v3,duplicate,medium,synthetic annotation
react/button-primary-v18,angular/button-primary-v4,duplicate,medium,synthetic annotation
react/button-primary-v18,angular/button-primary-v5,duplicate,medium,synthetic annotation
react/button-primary-v18,angular/button-primary-v6,duplicate,medium,synthetic annotation
react/button-primary-v18,react/table-report-v33,different,medium,synthetic annotation
react/button-primary-v18,vue/modal-login-v7,different,medium,synthetic annotation
react/button-primary-v19,angular/button-primary-v1,duplicate,medium,synthetic annotation
react/button-primary-v19,angular/button-primary-v2,duplicate,medium,synthetic annotation
react/button-primary-v19,angular/button-primary-v3,duplicate,medium,synthetic annotation
react/button-primary-v19,angular/button-primary-v4,duplicate,medium,synthetic annotation
react/button-primary-v19,angular/button-primary-v5,duplicate,medium,synthetic annotation
react/button-primary-v19,angular/button-primary-v6,duplicate,medium,synthetic annotation
react/button-primary-v19,angular/search-input-v2,different,medium,synthetic annotation
react/button-primary-v19,vue/modal-login-v29,different,medium,synthetic annotation
react/button-primary-v20,angular/button-primary-v1,duplicate,medium,synthetic annotation
react/button-primary-v20,angular/button-primary-v2,different,medium,synthetic annotation
react/button-primary-v20,angular/button-primary-v3,duplicate,medium,synthetic annotation
react/button-primary-v20,angular/button-primary-v4,duplicate,medium,synthetic annotation
react/button-primary-v20,angular/button-primary-v5,duplicate,medium,synthetic annotation
react/button-primary-v20,angular/button-primary-v6,duplicate,medium,synthetic annotation
react/button-primary-v20,angular/modal-login-v6,different,medium,synthetic annotation
react/button-primary-v20,vue/table-report-v5,different,medium,synthetic annotation
react/button-primary-v22,angular/button-primary-v1,duplicate,medium,synthetic annotation
react/button-primary-v22,angular/button-primary-v2,duplicate,medium,synthetic annotation
react/button-primary-v22,angular/button-primary-v3,duplicate,medium,synthetic annotation
react/button-primary-v22,angular/button-primary-v4,duplicate,medium,synthetic annotation
react/button-primary-v22,angular/button-primary-v5,duplicate,medium,synthetic annotation
react/button-primary-v22,angular/button-primary-v6,duplicate,medium,synthetic annotation
react/button-primary-v22,react/modal-login-v9,different,medium,synthetic annotation
react/button-primary-v22,react/search-input-v27,different,medium,synthetic annotation
react/button-primary-v23,angular/button-primary-v1,duplicate,medium,synthetic annotation
react/button-primary-v23,angular/button-primary-v2,duplicate,medium,synthetic annotation
react/button-primary-v23,angular/button-primary-v3,duplicate,medium,synthetic annotation
react/button-primary-v23,angular/button-primary-v4,duplicate,medium,synthetic annotation
react/button-primary-v23,angular/button-primary-v5,duplicate,medium,synthetic annotation
react/button-primary-v23,angular/button-primary-v6,duplicate,medium,synthetic annotation
react/button-primary-v23,angular/profile-card-v19,different,medium,synthetic annotation
react/button-primary-v23,react/modal-login-v6,different,medium,synthetic annotation
react/button-primary-v23,react/search-input-v10,different,medium,synthetic annotation
react/button-primary-v23,vue/table-report-v2,near_duplicate,medium,synthetic annotation
react/button-primary-v25,angular/button-primary-v1,duplicate,medium,synthetic annotation
react/button-primary-v25,angular/button-primary-v2,duplicate,medium,synthetic annotation
react/button-primary-v25,angular/button-primary-v3,duplicate,medium,synthetic annotation
react/button-primary-v25,angular/button-primary-v4,duplicate,medium,synthetic annotation
react/button-primary-v25,angular/button-primary-v5,duplicate,medium,synthetic annotation
react/button-primary-v25,angular/button-primary-v6,duplicate,medium,synthetic annotation
react/button-primary-v25,react/search-input-v11,different,medium,synthetic annotation
react/button-primary-v25,react/table-report-v13,different,medium,synthetic annotation
react/button-primary-v26,angular/button-primary-v1,duplicate,medium,synthetic annotation
react/button-primary-v26,angular/button-primary-v2,duplicate,medium,synthetic annotation
react/button-primary-v26,angular/button-primary-v3,duplicate,medium,synthetic annotation
react/button-primary-v26,angular/button-primary-v4,duplicate,medium,synthetic annotation
react/button-primary-v26,angular/button-primary-v5,duplicate,medium,synthetic annotation
react/button-primary-v26,angular/button-primary-v6,duplicate,medium,synthetic annotation
react/button-primary-v26,angular/profile-card-v15,different,medium,synthetic annotation
react/button-primary-v26,react/modal-login-v28,different,medium,synthetic annotation
react/button-primary-v26,vue/modal-login-v19,different,medium,synthetic annotation
react/button-primary-v26,vue/table-report-v10,different,medium,synthetic annotation
react/button-primary-v27,angular/button-primary-v1,duplicate,medium,synthetic annotation
react/button-primary-v27,angular/button-primary-v2,duplicate,medium,synthetic annotation
react/button-primary-v27,angular/button-primary-v3,duplicate,medium,synthetic annotation
react/button-primary-v27,angular/button-primary-v4,duplicate,medium,synthetic annotation
react/button-primary-v27,angular/button-primary-v5,duplicate,medium,synthetic annotation
react/button-primary-v27,angular/button-primary-v6,duplicate,medium,synthetic annotation
react/button-primary-v27,angular/profile-card-v22,different,medium,synthetic annotation
react/button-primary-v27,vue/modal-login-v33,different,medium,synthetic annotation
react/button-primary-v28,angular/button-primary-v1,duplicate,medium,synthetic annotation
react/button-primary-v28,angular/button-primary-v2,duplicate,medium,synthetic annotation
react/button-primary-v28,angular/button-primary-v3,duplicate,medium,synthetic annotation
react/button-primary-v28,angular/button-primary-v4,different,medium,synthetic annotation
react/button-primary-v28,angular/button-primary-v5,duplicate,medium,synthetic annotation
react/button-primary-v28,angular/button-primary-v6,duplicate,medium,synthetic annotation
react/button-primary-v28,vue/search-input-v25,different,medium,synthetic annotation
react/button-primary-v28,vue/table-report-v34,different,medium,synthetic annotation
react/button-primary-v32,angular/button-primary-v1,duplicate,medium,synthetic annotation
react/button-primary-v32,angular/button-primary-v2,duplicate,medium,synthetic annotation
react/button-primary-v32,angular/button-primary-v3,duplicate,medium,synthetic annotation
react/button-primary-v32,angular/button-primary-v4,duplicate,medium,synthetic annotation
react/button-primary-v32,angular/button-primary-v5,duplicate,medium,synthetic annotation
react/button-primary-v32,angular/button-primary-v6,duplicate,medium,synthetic annotation
react/button-primary-v32,angular/modal-login-v6,different,medium,synthetic annotation
react/button-primary-v32,angular/search-input-v13,different,medium,synthetic annotation
react/button-primary-v33,angular/button-primary-v1,duplicate,medium,synthetic annotation
react/button-primary-v33,angular/button-primary-v2,duplicate,medium,synthetic annotation
react/button-primary-v33,angular/button-primary-v3,duplicate,medium,synthetic annotation
react/button-primary-v33,angular/button-primary-v4,duplicate,medium,synthetic annotation
react/button-primary-v33,angular/button-primary-v5,duplicate,medium,synthetic annotation
react/button-primary-v33,angular/button-primary-v6,duplicate,medium,synthetic annotation
react/button-primary-v33,angular/modal-login-v24,different,medium,synthetic annotation
react/button-primary-v33,vue/profile-card-v19,different,medium,synthetic annotation
react/button-primary-v36,angular/button-primary-v1,duplicate,medium,synthetic annotation
react/button-primary-v36,angular/button-primary-v2,duplicate,medium,synthetic annotation
react/button-primary-v36,angular/button-primary-v3,duplicate,medium,synthetic annotation
react/button-primary-v36,angular/button-primary-v4,duplicate,medium,synthetic annotation
react/button-primary-v36,angular/button-primary-v5,duplicate,medium,synthetic annotation
react/button-primary-v36,angular/button-primary-v6,duplicate,medium,synthetic annotation
react/button-primary-v36,react/search-input-v21,different,medium,synthetic annotation
react/button-primary-v36,vue/modal-login-v3,different,medium,synthetic annotation
react/button-primary-v5,angular/button-primary-v1,duplicate,medium,synthetic annotation
react/button-primary-v5,angular/button-primary-v2,duplicate,medium,synthetic annotation
react/button-primary-v5,angular/button-primary-v3,duplicate,medium,synthetic annotation
react/button-primary-v5,angular/button-primary-v4,duplicate,medium,synthetic annotation
react/button-primary-v5,angular/button-primary-v5,duplicate,medium,synthetic annotation
react/button-primary-v5,angular/button-primary-v6,duplicate,medium,synthetic annotation
react/button-primary-v5,vue/modal-login-v30,different,medium,synthetic annotation
react/button-primary-v5,vue/table-report-v6,different,medium,synthetic annotation
react/button-primary-v7,angular/button-primary-v1,duplicate,medium,synthetic annotation
react/button-primary-v7,angular/button-primary-v2,duplicate,medium,synthetic annotation
react/button-primary-v7,angular/button-primary-v3,duplicate,medium,synthetic annotation
react/button-primary-v7,angular/button-primary-v4,duplicate,medium,synthetic annotation
react/button-primary-v7,angular/button-primary-v5,duplicate,medium,synthetic annotation
react/button-primary-v7,angular/button-primary-v6,duplicate,medium,synthetic annotation
react/button-primary-v7,angular/profile-card-v7,different,medium,synthetic annotation
react/button-primary-v7,angular/table-report-v36,different,medium,synthetic annotation
react/button-primary-v7,react/modal-login-v35,different,medium,synthetic annotation
react/button-primary-v7,vue/profile-card-v2,different,medium,synthetic annotation
react/button-primary-v7,vue/search-input-v30,different,medium,synthetic annotation
react/button-primary-v7,vue/table-report-v25,different,medium,synthetic annotation
react/modal-login-v1,angular/modal-login-v1,duplicate,medium,synthetic annotation
react/modal-login-v1,angular/modal-login-v2,duplicate,medium,synthetic annotation
react/modal-login-v1,angular/modal-login-v3,duplicate,medium,synthetic annotation
react/modal-login-v1,angular/modal-login-v4,duplicate,medium,synthetic annotation
react/modal-login-v1,angular/modal-login-v5,duplicate,medium,synthetic annotation
react/modal-login-v1,angular/modal-login-v6,duplicate,medium,synthetic annotation
react/modal-login-v1,react/button-primary-v29,different,medium,synthetic annotation
react/modal-login-v1,vue/search-input-v29,different,medium,synthetic annotation
react/modal-login-v10,angular/button-primary-v29,different,medium,synthetic annotation
react/modal-login-v10,angular/modal-login-v1,duplicate,medium,synthetic annotation
react/modal-login-v10,angular/modal-login-v2,duplicate,medium,synthetic annotation
react/modal-login-v10,angular/modal-login-v3,duplicate,medium,synthetic annotation
react/modal-login-v10,angular/modal-login-v4,duplicate,medium,synthetic annotation
react/modal-login-v10,angular/modal-login-v5,duplicate,medium,synthetic annotation
react/modal-login-v10,angular/modal-login-v6,duplicate,medium,synthetic annotation
react/modal-login-v10,vue/table-report-v9,different,medium,synthetic annotation
react/modal-login-v16,angular/modal-login-v1,duplicate,medium,synthetic annotation
react/modal-login-v16,angular/modal-login-v2,duplicate,medium,synthetic annotation
react/modal-login-v16,angular/modal-login-v3,duplicate,medium,synthetic annotation
react/modal-login-v16,angular/modal-login-v4,duplicate,medium,synthetic annotation
react/modal-login-v16,angular/modal-login-v5,duplicate,medium,synthetic annotation
react/modal-login-v16,angular/modal-login-v6,duplicate,medium,synthetic annotation
react/modal-login-v16,angular/table-report-v7,different,medium,synthetic annotation
react/modal-login-v16,vue/profile-card-v32,different,medium,synthetic annotation
react/modal-login-v17,angular/button-primary-v30,duplicate,medium,synthetic annotation
react/modal-login-v17,angular/modal-login-v1,duplicate,medium,synthetic annotation
react/modal-login-v17,angular/modal-login-v2,duplicate,medium,synthetic annotation
react/modal-login-v17,angular/modal-login-v3,duplicate,medium,synthetic annotation
react/modal-login-v17,angular/modal-login-v4,duplicate,medium,synthetic annotation
react/modal-login-v17,angular/modal-login-v5,duplicate,medium,synthetic annotation
react/modal-login-v17,angular/modal-login-v6,duplicate,medium,synthetic annotation
react/modal-login-v17,angular/search-input-v20,different,medium,synthetic annotation
react/modal-login-v17,angular/table-report-v31,different,medium,synthetic annotation
react/modal-login-v17,react/button-primary-v26,duplicate,medium,synthetic annotation
react/modal-login-v17,vue/button-primary-v12,different,medium,synthetic annotation
react/modal-login-v17,vue/profile-card-v9,different,medium,synthetic annotation
react/modal-login-v18,angular/modal-login-v1,duplicate,medium,synthetic annotation
react/modal-login-v18,angular/modal-login-v2,duplicate,medium,synthetic annotation
react/modal-login-v18,angular/modal-login-v3,duplicate,medium,synthetic annotation
react/modal-login-v18,angular/modal-login-v4,duplicate,medium,synthetic annotation
react/modal-login-v18,angular/modal-login-v5,duplicate,medium,synthetic annotation
react/modal-login-v18,angular/modal-login-v6,duplicate,medium,synthetic annotation
react/modal-login-v18,angular/profile-card-v22,different,medium,synthetic annotation
react/modal-login-v18,angular/search-input-v24,different,medium,synthetic annotation
react/modal-login-v18,react/button-primary-v10,different,medium,synthetic annotation
react/modal-login-v18,react/table-report-v30,different,medium,synthetic annotation
react/modal-login-v19,angular/modal-login-v1,duplicate,medium,synthetic annotation
react/modal-login-v19,angular/modal-login-v2,duplicate,medium,synthetic annotation
react/modal-login-v19,angular/modal-login-v3,duplicate,medium,synthetic annotation
react/modal-login-v19,angular/modal-login-v4,duplicate,medium,synthetic annotation
react/modal-login-v19,angular/modal-login-v5,duplicate,medium,synthetic annotation
react/modal-login-v19,angular/modal-login-v6,duplicate,medium,synthetic annotation
react/modal-login-v19,react/button-primary-v1,different,medium,synthetic annotation
react/modal-login-v19,react/profile-card-v29,different,medium,synthetic annotation
react/modal-login-v19,vue/button-primary-v7,different,medium,synthetic annotation
react/modal-login-v19,vue/table-report-v2,different,medium,synthetic annotation
react/modal-login-v2,angular/modal-login-v1,duplicate,medium,synthetic annotation
react/modal-login-v2,angular/modal-login-v2,duplicate,medium,synthetic annotation
react/modal-login-v2,angular/modal-login-v3,duplicate,medium,synthetic annotation
react/modal-login-v2,angular/modal-login-v4,duplicate,medium,synthetic annotation
react/modal-login-v2,angular/modal-login-v5,duplicate,medium,synthetic annotation
react/modal-login-v2,angular/modal-login-v6,near_duplicate,medium,synthetic annotation
react/modal-login-v2,react/search-input-v22,different,medium,synthetic annotation
react/modal-login-v2,vue/profile-card-v16,different,medium,synthetic annotation
react/modal-login-v21,angular/modal-login-v1,duplicate,medium,synthetic annotation
react/modal-login-v21,angular/modal-login-v2,duplicate,medium,synthetic annotation
react/modal-login-v21,angular/modal-login-v3,duplicate,medium,synthetic annotation
react/modal-login-v21,angular/modal-login-v4,duplicate,medium,synthetic annotation
react/modal-login-v21,angular/modal-login-v5,duplicate,medium,synthetic annotation
react/modal-login-v21,angular/modal-login-v6,duplicate,medium,synthetic annotation
react/modal-login-v21,vue/search-input-v20,different,medium,synthetic annotation
react/modal-login-v21,vue/table-report-v33,different,medium,synthetic annotation
react/modal-login-v23,angular/modal-login-v1,duplicate,medium,synthetic annotation
react/modal-login-v23,angular/modal-login-v2,duplicate,medium,synthetic annotation
react/modal-login-v23,angular/modal-login-v3,duplicate,medium,synthetic annotation
react/modal-login-v23,angular/modal-login-v4,duplicate,medium,synthetic annotation
react/modal-login-v23,angular/modal-login-v5,duplicate,medium,synthetic annotation
react/modal-login-v23,angular/modal-login-v6,duplicate,medium,synthetic annotation
react/modal-login-v23,react/profile-card-v18,duplicate,medium,synthetic annotation
react/modal-login-v23,react/search-input-v5,different,medium,synthetic annotation
react/modal-login-v23,vue/button-primary-v34,different,medium,synthetic annotation
react/modal-login-v23,vue/table-report-v5,different,medium,synthetic annotation
react/modal-login-v24,angular/modal-login-v1,duplicate,medium,synthetic annotation
react/modal-login-v24,angular/modal-login-v2,duplicate,medium,synthetic annotation
react/modal-login-v24,angular/modal-login-v3,duplicate,medium,synthetic annotation
react/modal-login-v24,angular/modal-login-v4,duplicate,medium,synthetic annotation
react/modal-login-v24,angular/modal-login-v5,duplicate,medium,synthetic annotation
react/modal-login-v24,angular/modal-login-v6,duplicate,medium,synthetic annotation
react/modal-login-v24,vue/search-input-v10,different,medium,synthetic annotation
react/modal-login-v24,vue/table-report-v1,different,medium,synthetic annotation
react/modal-login-v29,angular/modal-login-v1,different,medium,synthetic annotation
react/modal-login-v29,angular/modal-login-v2,duplicate,medium,synthetic annotation
react/modal-login-v29,angular/modal-login-v3,duplicate,medium,synthetic annotation
react/modal-login-v29,angular/modal-login-v4,duplicate,medium,synthetic annotation
react/modal-login-v29,angular/modal-login-v5,duplicate,medium,synthetic annotation
react/modal-login-v29,angular/modal-login-v6,duplicate,medium,synthetic annotation
react/modal-login-v29,angular/profile-card-v15,near_duplicate,medium,synthetic annotation
react/modal-login-v29,angular/profile-card-v9,different,medium,synthetic annotation
react/modal-login-v29,vue/search-input-v30,different,medium,synthetic annotation
react/modal-login-v29,vue/table-report-v33,different,medium,synthetic annotation
react/modal-login-v3,angular/button-primary-v22,different,medium,synthetic annotation
react/modal-login-v3,angular/modal-login-v1,duplicate,medium,synthetic annotation
react/modal-login-v3,angular/modal-login-v2,duplicate,medium,synthetic annotation
react/modal-login-v3,angular/modal-login-v3,duplicate,medium,synthetic annotation
react/modal-login-v3,angular/modal-login-v4,duplicate,medium,synthetic annotation
react/modal-login-v3,angular/modal-login-v5,duplicate,medium,synthetic annotation
react/modal-login-v3,angular/modal-login-v6,duplicate,medium,synthetic annotation
react/modal-login-v3,react/search-input-v28,different,medium,synthetic annotation
react/modal-login-v30,angular/button-primary-v12,different,medium,synthetic annotation
react/modal-login-v30,angular/modal-login-v1,duplicate,medium,synthetic annotation
react/modal-login-v30,angular/modal-login-v2,duplicate,medium,synthetic annotation
react/modal-login-v30,angular/modal-login-v3,duplicate,medium,synthetic annotation
react/modal-login-v30,angular/modal-login-v4,duplicate,medium,synthetic annotation
react/modal-login-v30,angular/modal-login-v5,duplicate,medium,synthetic annotation
react/modal-login-v30,angular/modal-login-v6,duplicate,medium,synthetic annotation
react/modal-login-v30,react/profile-card-v30,different,medium,synthetic annotation
react/modal-login-v33,angular/modal-login-v1,duplicate,medium,synthetic annotation
react/modal-login-v33,angular/modal-login-v2,duplicate,medium,synthetic annotation
react/modal-login-v33,angular/modal-login-v3,duplicate,medium,synthetic annotation
react/modal-login-v33,angular/modal-login-v4,duplicate,medium,synthetic annotation
react/modal-login-v33,angular/modal-login-v5,duplicate,medium,synthetic annotation
react/modal-login-v33,angular/modal-login-v6,duplicate,medium,synthetic annotation
react/modal-login-v33,vue/button-primary-v21,different,medium,synthetic annotation
react/modal-login-v33,vue/table-report-v3,different,medium,synthetic annotation
react/modal-login-v34,angular/modal-login-v1,duplicate,medium,synthetic annotation
react/modal-login-v34,angular/modal-login-v2,duplicate,medium,synthetic annotation
react/modal-login-v34,angular/modal-login-v3,duplicate,medium,synthetic annotation
react/modal-login-v34,angular/modal-login-v4,duplicate,medium,synthetic annotation
react/modal-login-v34,angular/modal-login-v5,duplicate,medium,synthetic annotation
react/modal-login-v34,angular/modal-login-v6,duplicate,medium,synthetic annotation
react/modal-login-v34,angular/search-input-v8,different,medium,synthetic annotation
react/modal-login-v34,vue/profile-card-v16,different,medium,synthetic annotation
react/modal-login-v4,angular/modal-login-v1,duplicate,medium,synthetic annotation
react/modal-login-v4,angular/modal-login-v2,duplicate,medium,synthetic annotation
react/modal-login-v4,angular/modal-login-v3,duplicate,medium,synthetic annotation
react/modal-login-v4,angular/modal-login-v4,duplicate,medium,synthetic annotation
react/modal-login-v4,angular/modal-login-v5,duplicate,medium,synthetic annotation
react/modal-login-v4,angular/modal-login-v6,duplicate,medium,synthetic annotation
react/modal-login-v4,react/search-input-v5,different,medium,synthetic annotation
react/modal-login-v4,react/table-report-v28,different,medium,synthetic annotation
react/modal-login-v6,angular/modal-login-v1,duplicate,medium,synthetic annotation
react/modal-login-v6,angular/modal-login-v2,duplicate,medium,synthetic annotation
react/modal-login-v6,angular/modal-login-v3,duplicate,medium,synthetic annotation
react/modal-login-v6,angular/modal-login-v4,duplicate,medium,synthetic annotation
react/modal-login-v6,angular/modal-login-v5,duplicate,medium,synthetic annotation
react/modal-login-v6,angular/modal-login-v6,duplicate,medium,synthetic annotation
react/modal-login-v6,angular/search-input-v11,different,medium,synthetic annotation
react/modal-login-v6,react/button-primary-v34,different,medium,synthetic annotation
react/modal-login-v6,react/profile-card-v22,different,medium,synthetic annotation
react/modal-login-v6,vue/profile-card-v30,different,medium,synthetic annotation
react/modal-login-v9,angular/modal-login-v1,duplicate,medium,synthetic annotation
react/modal-login-v9,angular/modal-login-v2,duplicate,medium,synthetic annotation
react/modal-login-v9,angular/modal-login-v3,duplicate,medium,synthetic annotation
react/modal-login-v9,angular/modal-login-v4,duplicate,medium,synthetic annotation
react/modal-login-v9,angular/modal-login-v5,duplicate,medium,synthetic annotation
react/modal-login-v9,angular/modal-login-v6,duplicate,medium,synthetic annotation
react/modal-login-v9,angular/profile-card-v27,different,medium,synthetic annotation
react/modal-login-v9,angular/table-report-v22,different,medium,synthetic annotation
react/profile-card-v1,angular/button-primary-v25,different,medium,synthetic annotation
react/profile-card-v1,angular/button-primary-v29,different,medium,synthetic annotation
react/profile-card-v1,angular/profile-card-v1,duplicate,medium,synthetic annotation
react/profile-card-v1,angular/profile-card-v2,duplicate,medium,synthetic annotation
react/profile-card-v1,angular/profile-card-v3,duplicate,medium,synthetic annotation
react/profile-card-v1,angular/profile-card-v4,duplicate,medium,synthetic annotation
react/profile-card-v1,angular/profile-card-v5,duplicate,medium,synthetic annotation
react/profile-card-v1,angular/profile-card-v6,duplicate,medium,synthetic annotation
react/profile-card-v1,angular/search-input-v17,different,medium,synthetic annotation
react/profile-card-v1,vue/table-report-v5,different,medium,synthetic annotation
react/profile-card-v12,angular/profile-card-v1,duplicate,medium,synthetic annotation
react/profile-card-v12,angular/profile-card-v2,duplicate,medium,synthetic annotation
react/profile-card-v12,angular/profile-card-v3,duplicate,medium,synthetic annotation
react/profile-card-v12,angular/profile-card-v4,duplicate,medium,synthetic annotation
react/profile-card-v12,angular/profile-card-v5,duplicate,medium,synthetic annotation
react/profile-card-v12,angular/profile-card-v6,duplicate,medium,synthetic annotation
react/profile-card-v12,angular/table-report-v36,different,medium,synthetic annotation
react/profile-card-v12,vue/search-input-v35,different,medium,synthetic annotation
react/profile-card-v14,angular/button-primary-v2,different,medium,synthetic annotation
react/profile-card-v14,angular/profile-card-v1,duplicate,medium,synthetic annotation
react/profile-card-v14,angular/profile-card-v2,duplicate,medium,synthetic annotation
react/profile-card-v14,angular/profile-card-v3,duplicate,medium,synthetic annotation
react/profile-card-v14,angular/profile-card-v4,duplicate,medium,synthetic annotation
react/profile-card-v14,angular/profile-card-v5,duplicate,medium,synthetic annotation
react/profile-card-v14,angular/profile-card-v6,duplicate,medium,synthetic annotation
react/profile-card-v14,angular/search-input-v8,different,medium,synthetic annotation
react/profile-card-v15,angular/profile-card-v1,duplicate,medium,synthetic annotation
react/profile-card-v15,angular/profile-card-v2,duplicate,medium,synthetic annotation
react/profile-card-v15,angular/profile-card-v3,duplicate,medium,synthetic annotation
react/profile-card-v15,angular/profile-card-v4,different,medium,synthetic annotation
react/profile-card-v15,angular/profile-card-v5,duplicate,medium,synthetic annotation
react/profile-card-v15,angular/profile-card-v6,duplicate,medium,synthetic annotation
react/profile-card-v15,vue/search-input-v33,different,medium,synthetic annotation
react/profile-card-v15,vue/table-report-v30,different,medium,synthetic annotation
react/profile-card-v16,angular/profile-card-v1,duplicate,medium,synthetic annotation
react/profile-card-v16,angular/profile-card-v2,duplicate,medium,synthetic annotation
react/profile-card-v16,angular/profile-card-v3,different,medium,synthetic annotation
react/profile-card-v16,angular/profile-card-v4,duplicate,medium,synthetic annotation
react/profile-card-v16,angular/profile-card-v5,duplicate,medium,synthetic annotation
react/profile-card-v16,angular/profile-card-v6,duplicate,medium,synthetic annotation
react/profile-card-v16,angular/search-input-v28,different,medium,synthetic annotation
react/profile-card-v16,vue/button-primary-v13,duplicate,medium,synthetic annotation
react/profile-card-v16,vue/modal-login-v29,different,medium,synthetic annotation
react/profile-card-v16,vue/table-report-v18,different,medium,synthetic annotation
react/profile-card-v18,angular/profile-card-v1,duplicate,medium,synthetic annotation
react/profile-card-v18,angular/profile-card-v2,duplicate,medium,synthetic annotation
react/profile-card-v18,angular/profile-card-v3,duplicate,medium,synthetic annotation
react/profile-card-v18,angular/profile-card-v4,duplicate,medium,synthetic annotation
react/profile-card-v18,angular/profile-card-v5,duplicate,medium,synthetic annotation
react/profile-card-v18,angular/profile-card-v6,duplicate,medium,synthetic annotation
react/profile-card-v18,angular/search-input-v3,different,medium,synthetic annotation
react/profile-card-v18,react/modal-login-v33,different,medium,synthetic annotation
react/profile-card-v20,angular/profile-card-v1,duplicate,medium,synthetic annotation
react/profile-card-v20,angular/profile-card-v2,duplicate,medium,synthetic annotation
react/profile-card-v20,angular/profile-card-v3,duplicate,medium,synthetic annotation
react/profile-card-v20,angular/profile-card-v4,duplicate,medium,synthetic annotation
react/profile-card-v20,angular/profile-card-v5,duplicate,medium,synthetic annotation
react/profile-card-v20,angular/profile-card-v6,duplicate,medium,synthetic annotation
react/profile-card-v20,react/search-input-v33,different,medium,synthetic annotation
react/profile-card-v20,vue/table-report-v3,different,medium,synthetic annotation
react/profile-card-v21,angular/button-primary-v30,different,medium,synthetic annotation
react/profile-card-v21,angular/modal-login-v16,different,medium,synthetic annotation
react/profile-card-v21,angular/profile-card-v1,duplicate,medium,synthetic annotation
react/profile-card-v21,angular/profile-card-v2,duplicate,medium,synthetic annotation
react/profile-card-v21,angular/profile-card-v3,duplicate,medium,synthetic annotation
react/profile-card-v21,angular/profile-card-v4,duplicate,medium,synthetic annotation
react/profile-card-v21,angular/profile-card-v5,duplicate,medium,synthetic annotation
react/profile-card-v21,angular/profile-card-v6,duplicate,medium,synthetic annotation
react/profile-card-v21,angular/table-report-v16,different,medium,synthetic annotation
react/profile-card-v21,react/table-report-v33,near_duplicate,medium,synthetic annotation
react/profile-card-v21,vue/button-primary-v28,different,medium,synthetic annotation
react/profile-card-v21,vue/button-primary-v33,different,medium,synthetic annotation
react/profile-card-v24,angular/modal-login-v18,different,medium,synthetic annotation
react/profile-card-v24,angular/profile-card-v1,duplicate,medium,synthetic annotation
react/profile-card-v24,angular/profile-card-v2,different,medium,synthetic annotation
react/profile-card-v24,angular/profile-card-v3,duplicate,medium,synthetic annotation
react/profile-card-v24,angular/profile-card-v4,duplicate,medium,synthetic annotation
react/profile-card-v24,angular/profile-card-v5,duplicate,medium,synthetic annotation
react/profile-card-v24,angular/profile-card-v6,duplicate,medium,synthetic annotation
react/profile-card-v24,react/table-report-v27,different,medium,synthetic annotation
react/profile-card-v26,angular/profile-card-v1,duplicate,medium,synthetic annotation
react/profile-card-v26,angular/profile-card-v2,duplicate,medium,synthetic annotation
react/profile-card-v26,angular/profile-card-v3,duplicate,medium,synthetic annotation
react/profile-card-v26,angular/profile-card-v4,duplicate,medium,synthetic annotation
react/profile-card-v26,angular/profile-card-v5,different,medium,synthetic annotation
react/profile-card-v26,angular/profile-card-v6,duplicate,medium,synthetic annotation
react/profile-card-v26,angular/search-input-v25,different,medium,synthetic annotation
react/profile-card-v26,react/modal-login-v20,different,medium,synthetic annotation
react/profile-card-v29,angular/modal-login-v16,different,medium,synthetic annotation
react/profile-card-v29,angular/modal-login-v32,different,medium,synthetic annotation
react/profile-card-v29,angular/profile-card-v1,duplicate,medium,synthetic annotation
react/profile-card-v29,angular/profile-card-v2,near_duplicate,medium,synthetic annotation
react/profile-card-v29,angular/profile-card-v3,duplicate,medium,synthetic annotation
react/profile-card-v29,angular/profile-card-v4,duplicate,medium,synthetic annotation
react/profile-card-v29,angular/profile-card-v5,duplicate,medium,synthetic annotation
react/profile-card-v29,angular/profile-card-v6,duplicate,medium,synthetic annotation
react/profile-card-v29,vue/button-primary-v31,different,medium,synthetic annotation
react/profile-card-v29,vue/table-report-v2,different,medium,synthetic annotation
react/profile-card-v32,angular/profile-card-v1,duplicate,medium,synthetic annotation
react/profile-card-v32,angular/profile-card-v2,duplicate,medium,synthetic annotation
react/profile-card-v32,angular/profile-card-v3,duplicate,medium,synthetic annotation
react/profile-card-v32,angular/profile-card-v4,duplicate,medium,synthetic annotation
react/profile-card-v32,angular/profile-card-v5,duplicate,medium,synthetic annotation
react/profile-card-v32,angular/profile-card-v6,duplicate,medium,synthetic annotation
react/profile-card-v32,angular/search-input-v16,different,medium,synthetic annotation
react/profile-card-v32,react/button-primary-v14,different,medium,synthetic annotation
react/profile-card-v32,vue/button-primary-v15,different,medium,synthetic annotation
react/profile-card-v32,vue/search-input-v28,different,medium,synthetic annotation
react/profile-card-v34,angular/profile-card-v1,duplicate,medium,synthetic annotation
react/profile-card-v34,angular/profile-card-v2,duplicate,medium,synthetic annotation
react/profile-card-v34,angular/profile-card-v3,duplicate,medium,synthetic annotation
react/profile-card-v34,angular/profile-card-v4,duplicate,medium,synthetic annotation
react/profile-card-v34,angular/profile-card-v5,duplicate,medium,synthetic annotation
react/profile-card-v34,angular/profile-card-v6,duplicate,medium,synthetic annotation
react/profile-card-v34,angular/table-report-v11,different,medium,synthetic annotation
react/profile-card-v34,react/modal-login-v26,different,medium,synthetic annotation
react/profile-card-v34,react/modal-login-v34,different,medium,synthetic annotation
react/profile-card-v34,react/search-input-v31,different,medium,synthetic annotation
react/profile-card-v34,vue/button-primary-v35,different,medium,synthetic annotation
react/profile-card-v34,vue/search-input-v7,different,medium,synthetic annotation
react/profile-card-v35,angular/profile-card-v1,duplicate,medium,synthetic annotation
react/profile-card-v35,angular/profile-card-v2,duplicate,medium,synthetic annotation
react/profile-card-v35,angular/profile-card-v3,duplicate,medium,synthetic annotation
react/profile-card-v35,angular/profile-card-v4,duplicate,medium,synthetic annotation
react/profile-card-v35,angular/profile-card-v5,duplicate,medium,synthetic annotation
react/profile-card-v35,angular/profile-card-v6,duplicate,medium,synthetic annotation
react/profile-card-v35,angular/search-input-v11,different,medium,synthetic annotation
react/profile-card-v35,angular/table-report-v8,different,medium,synthetic annotation
react/profile-card-v35,react/search-input-v25,different,medium,synthetic annotation
react/profile-card-v35,vue/modal-login-v16,different,medium,synthetic annotation
react/profile-card-v36,angular/button-primary-v35,different,medium,synthetic annotation
react/profile-card-v36,angular/profile-card-v1,duplicate,medium,synthetic annotation
react/profile-card-v36,angular/profile-card-v2,duplicate,medium,synthetic annotation
react/profile-card-v36,angular/profile-card-v3,duplicate,medium,synthetic annotation
react/profile-card-v36,angular/profile-card-v4,duplicate,medium,synthetic annotation
react/profile-card-v36,angular/profile-card-v5,duplicate,medium,synthetic annotation
react/profile-card-v36,angular/profile-card-v6,duplicate,medium,synthetic annotation
react/profile-card-v36,angular/table-report-v17,different,medium,synthetic annotation
react/profile-card-v4,angular/profile-card-v1,duplicate,medium,synthetic annotation
react/profile-card-v4,angular/profile-card-v2,duplicate,medium,synthetic annotation
react/profile-card-v4,angular/profile-card-v3,duplicate,medium,synthetic annotation
react/profile-card-v4,angular/profile-card-v4,duplicate,medium,synthetic annotation
react/profile-card-v4,angular/profile-card-v5,duplicate,medium,synthetic annotation
react/profile-card-v4,angular/profile-card-v6,duplicate,medium,synthetic annotation
react/profile-card-v4,react/button-primary-v9,different,medium,synthetic annotation
react/profile-card-v4,react/table-report-v34,different,medium,synthetic annotation
react/profile-card-v5,angular/profile-card-v1,duplicate,medium,synthetic annotation
react/profile-card-v5,angular/profile-card-v2,duplicate,medium,synthetic annotation
react/profile-card-v5,angular/profile-card-v3,duplicate,medium,synthetic annotation
react/profile-card-v5,angular/profile-card-v4,duplicate,medium,synthetic annotation
react/profile-card-v5,angular/profile-card-v5,duplicate,medium,synthetic annotation
react/profile-card-v5,angular/profile-card-v6,duplicate,medium,synthetic annotation
react/profile-card-v5,react/button-primary-v1,different,medium,synthetic annotation
react/profile-card-v5,vue/search-input-v12,different,medium,synthetic annotation
react/search-input-v1,angular/button-primary-v36,different,medium,synthetic annotation
react/search-input-v1,angular/modal-login-v1,different,medium,synthetic annotation
react/search-input-v1,angular/profile-card-v17,different,medium,synthetic annotation
react/search-input-v1,angular/search-input-v1,duplicate,medium,synthetic annotation
react/search-input-v1,angular/search-input-v2,duplicate,medium,synthetic annotation
react/search-input-v1,angular/search-input-v3,duplicate,medium,synthetic annotation
react/search-input-v1,angular/search-input-v4,duplicate,medium,synthetic annotation
react/search-input-v1,angular/search-input-v5,duplicate,medium,synthetic annotation
react/search-input-v1,angular/search-input-v6,duplicate,medium,synthetic annotation
react/search-input-v1,angular/table-report-v25,different,medium,synthetic annotation
react/search-input-v11,angular/profile-card-v31,different,medium,synthetic annotation
react/search-input-v11,angular/search-input-v1,duplicate,medium,synthetic annotation
react/search-input-v11,angular/search-input-v2,duplicate,medium,synthetic annotation
react/search-input-v11,angular/search-input-v3,duplicate,medium,synthetic annotation
react/search-input-v11,angular/search-input-v4,duplicate,medium,synthetic annotation
react/search-input-v11,angular/search-input-v5,duplicate,medium,synthetic annotation
react/search-input-v11,angular/search-input-v6,duplicate,medium,synthetic annotation
react/search-input-v11,react/modal-login-v20,different,medium,synthetic annotation
react/search-input-v11,react/modal-login-v32,different,medium,synthetic annotation
react/search-input-v11,react/table-report-v30,different,medium,synthetic annotation
react/search-input-v11,react/table-report-v31,different,medium,synthetic annotation
react/search-input-v11,vue/button-primary-v8,different,medium,synthetic annotation
react/search-input-v12,angular/search-input-v1,duplicate,medium,synthetic annotation
react/search-input-v12,angular/search-input-v2,duplicate,medium,synthetic annotation
react/search-input-v12,angular/search-input-v3,duplicate,medium,synthetic annotation
react/search-input-v12,angular/search-input-v4,duplicate,medium,synthetic annotation
react/search-input-v12,angular/search-input-v5,duplicate,medium,synthetic annotation
react/search-input-v12,angular/search-input-v6,duplicate,medium,synthetic annotation
react/search-input-v12,react/profile-card-v8,different,medium,synthetic annotation
react/search-input-v12,react/table-report-v8,different,medium,synthetic annotation
react/search-input-v14,angular/button-primary-v25,different,medium,synthetic annotation
react/search-input-v14,angular/search-input-v1,duplicate,medium,synthetic annotation
react/search-input-v14,angular/search-input-v2,duplicate,medium,synthetic annotation
react/search-input-v14,angular/search-input-v3,duplicate,medium,synthetic annotation
react/search-input-v14,angular/search-input-v4,duplicate,medium,synthetic annotation
react/search-input-v14,angular/search-input-v5,duplicate,medium,synthetic annotation
react/search-input-v14,angular/search-input-v6,duplicate,medium,synthetic annotation
react/search-input-v14,angular/table-report-v35,different,medium,synthetic annotation
react/search-input-v14,angular/table-report-v5,different,medium,synthetic annotation
react/search-input-v14,react/modal-login-v30,different,medium,synthetic annotation
react/search-input-v15,angular/modal-login-v20,different,medium,synthetic annotation
react/search-input-v15,angular/profile-card-v6,different,medium,synthetic annotation
react/search-input-v15,angular/search-input-v1,duplicate,medium,synthetic annotation
react/search-input-v15,angular/search-input-v2,duplicate,medium,synthetic annotation
react/search-input-v15,angular/search-input-v3,duplicate,medium,synthetic annotation
react/search-input-v15,angular/search-input-v4,duplicate,medium,synthetic annotation
react/search-input-v15,angular/search-input-v5,duplicate,medium,synthetic annotation
react/search-input-v15,angular/search-input-v6,duplicate,medium,synthetic annotation
react/search-input-v16,angular/modal-login-v3,different,medium,synthetic annotation
react/search-input-v16,angular/search-input-v1,duplicate,medium,synthetic annotation
react/search-input-v16,angular/search-input-v2,duplicate,medium,synthetic annotation
react/search-input-v16,angular/search-input-v3,duplicate,medium,synthetic annotation
react/search-input-v16,angular/search-input-v4,duplicate,medium,synthetic annotation
react/search-input-v16,angular/search-input-v5,duplicate,medium,synthetic annotation
react/search-input-v16,angular/search-input-v6,duplicate,medium,synthetic annotation
react/search-input-v16,angular/table-report-v21,different,medium,synthetic annotation
react/search-input-v16,react/table-report-v26,different,medium,synthetic annotation
react/search-input-v16,vue/modal-login-v27,different,medium,synthetic annotation
react/search-input-v16,vue/profile-card-v10,different,medium,synthetic annotation
react/search-input-v16,vue/profile-card-v6,different,medium,synthetic annotation
react/search-input-v17,angular/search-input-v1,duplicate,medium,synthetic annotation
react/search-input-v17,angular/search-input-v2,duplicate,medium,synthetic annotation
react/search-input-v17,angular/search-input-v3,duplicate,medium,synthetic annotation
react/search-input-v17,angular/search-input-v4,duplicate,medium,synthetic annotation
react/search-input-v17,angular/search-input-v5,duplicate,medium,synthetic annotation
react/search-input-v17,angular/search-input-v6,near_duplicate,medium,synthetic annotation
react/search-input-v17,react/modal-login-v5,different,medium,synthetic annotation
react/search-input-v17,vue/button-primary-v13,different,medium,synthetic annotation
react/search-input-v2,angular/search-input-v1,duplicate,medium,synthetic annotation
react/search-input-v2,angular/search-input-v2,duplicate,medium,synthetic annotation
react/search-input-v2,angular/search-input-v3,duplicate,medium,synthetic annotation
react/search-input-v2,angular/search-input-v4,duplicate,medium,synthetic annotation
react/search-input-v2,angular/search-input-v5,duplicate,medium,synthetic annotation
react/search-input-v2,angular/search-input-v6,duplicate,medium,synthetic annotation
react/search-input-v2,react/button-primary-v2,different,medium,synthetic annotation
react/search-input-v2,react/modal-login-v20,different,medium,synthetic annotation
react/search-input-v2,react/table-report-v16,different,medium,synthetic annotation
react/search-input-v2,vue/modal-login-v3,different,medium,synthetic annotation
react/search-input-v21,angular/button-primary-v35,different,medium,synthetic annotation
react/search-input-v21,angular/profile-card-v31,different,medium,synthetic annotation
react/search-input-v21,angular/search-input-v1,duplicate,medium,synthetic annotation
react/search-input-v21,angular/search-input-v2,duplicate,medium,synthetic annotation
react/search-input-v21,angular/search-input-v3,duplicate,medium,synthetic annotation
react/search-input-v21,angular/search-input-v4,duplicate,medium,synthetic annotation
react/search-input-v21,angular/search-input-v5,duplicate,medium,synthetic annotation
react/search-input-v21,angular/search-input-v6,duplicate,medium,synthetic annotation
react/search-input-v22,angular/search-input-v1,duplicate,medium,synthetic annotation
react/search-input-v22,angular/search-input-v2,duplicate,medium,synthetic annotation
react/search-input-v22,angular/search-input-v3,duplicate,medium,synthetic annotation
react/search-input-v22,angular/search-input-v4,duplicate,medium,synthetic annotation
react/search-input-v22,angular/search-input-v5,duplicate,medium,synthetic annotation
react/search-input-v22,angular/search-input-v6,duplicate,medium,synthetic annotation
react/search-input-v22,vue/modal-login-v7,different,medium,synthetic annotation
react/search-input-v22,vue/profile-card-v9,different,medium,synthetic annotation
react/search-input-v23,angular/search-input-v1,duplicate,medium,synthetic annotation
react/search-input-v23,angular/search-input-v2,duplicate,medium,synthetic annotation
react/search-input-v23,angular/search-input-v3,duplicate,medium,synthetic annotation
react/search-input-v23,angular/search-input-v4,duplicate,medium,synthetic annotation
react/search-input-v23,angular/search-input-v5,duplicate,medium,synthetic annotation
react/search-input-v23,angular/search-input-v6,duplicate,medium,synthetic annotation
react/search-input-v23,vue/profile-card-v10,different,medium,synthetic annotation
react/search-input-v23,vue/table-report-v24,different,medium,synthetic annotation
react/search-input-v24,angular/search-input-v1,duplicate,medium,synthetic annotation
react/search-input-v24,angular/search-input-v2,duplicate,medium,synthetic annotation
react/search-input-v24,angular/search-input-v3,duplicate,medium,synthetic annotation
react/search-input-v24,angular/search-input-v4,duplicate,medium,synthetic annotation
react/search-input-v24,angular/search-input-v5,duplicate,medium,synthetic annotation
react/search-input-v24,angular/search-input-v6,duplicate,medium,synthetic annotation
react/search-input-v24,react/modal-login-v15,different,medium,synthetic annotation
react/search-input-v24,vue/table-report-v10,different,medium,synthetic annotation
react/search-input-v25,angular/modal-login-v9,different,medium,synthetic annotation
react/search-input-v25,angular/profile-card-v6,different,medium,synthetic annotation
react/search-input-v25,angular/search-input-v1,duplicate,medium,synthetic annotation
react/search-input-v25,angular/search-input-v2,duplicate,medium,synthetic annotation
react/search-input-v25,angular/search-input-v3,duplicate,medium,synthetic annotation
react/search-input-v25,angular/search-input-v4,near_duplicate,medium,synthetic annotation
react/search-input-v25,angular/search-input-v5,duplicate,medium,synthetic annotation
react/search-input-v25,angular/search-input-v6,duplicate,medium,synthetic annotation
react/search-input-v25,react/modal-login-v2,different,medium,synthetic annotation
react/search-input-v25,vue/profile-card-v35,different,medium,synthetic annotation
react/search-input-v26,angular/search-input-v1,different,medium,synthetic annotation
react/search-input-v26,angular/search-input-v2,duplicate,medium,synthetic annotation
react/search-input-v26,angular/search-input-v3,duplicate,medium,synthetic annotation
react/search-input-v26,angular/search-input-v4,duplicate,medium,synthetic annotation
react/search-input-v26,angular/search-input-v5,duplicate,medium,synthetic annotation
react/search-input-v26,angular/search-input-v6,duplicate,medium,synthetic annotation
react/search-input-v26,react/button-primary-v28,different,medium,synthetic annotation
react/search-input-v26,vue/profile-card-v14,different,medium,synthetic annotation
react/search-input-v3,angular/search-input-v1,duplicate,medium,synthetic annotation
react/search-input-v3,angular/search-input-v2,duplicate,medium,synthetic annotation
react/search-input-v3,angular/search-input-v3,duplicate,medium,synthetic annotation
react/search-input-v3,angular/search-input-v4,near_duplicate,medium,synthetic annotation
react/search-input-v3,angular/search-input-v5,duplicate,medium,synthetic annotation
react/search-input-v3,angular/search-input-v6,duplicate,medium,synthetic annotation
react/search-input-v3,react/modal-login-v18,different,medium,synthetic annotation
react/search-input-v3,react/modal-login-v31,different,medium,synthetic annotation
react/search-input-v3,vue/profile-card-v13,different,medium,synthetic annotation
react/search-input-v3,vue/table-report-v21,different,medium,synthetic annotation
react/search-input-v30,angular/button-primary-v4,different,medium,synthetic annotation
react/search-input-v30,angular/modal-login-v11,different,medium,synthetic annotation
react/search-input-v30,angular/search-input-v1,duplicate,medium,synthetic annotation
react/search-input-v30,angular/search-input-v2,duplicate,medium,synthetic annotation
react/search-input-v30,angular/search-input-v3,duplicate,medium,synthetic annotation
react/search-input-v30,angular/search-input-v4,duplicate,medium,synthetic annotation
react/search-input-v30,angular/search-input-v5,duplicate,medium,synthetic annotation
react/search-input-v30,angular/search-input-v6,duplicate,medium,synthetic annotation
react/search-input-v32,angular/button-primary-v23,different,medium,synthetic annotation
react/search-input-v32,angular/search-input-v1,different,medium,synthetic annotation
react/search-input-v32,angular/search-input-v2,duplicate,medium,synthetic annotation
react/search-input-v32,angular/search-input-v3,duplicate,medium,synthetic annotation
react/search-input-v32,angular/search-input-v4,duplicate,medium,synthetic annotation
react/search-input-v32,angular/search-input-v5,duplicate,medium,synthetic annotation
react/search-input-v32,angular/search-input-v6,duplicate,medium,synthetic annotation
react/search-input-v32,vue/table-report-v23,different,medium,synthetic annotation
react/search-input-v33,angular/modal-login-v21,different,medium,synthetic annotation
react/search-input-v33,angular/search-input-v1,duplicate,medium,synthetic annotation
react/search-input-v33,angular/search-input-v2,duplicate,medium,synthetic annotation
react/search-input-v33,angular/search-input-v3,duplicate,medium,synthetic annotation
react/search-input-v33,angular/search-input-v4,duplicate,medium,synthetic annotation
react/search-input-v33,angular/search-input-v5,duplicate,medium,synthetic annotation
react/search-input-v33,angular/search-input-v6,duplicate,medium,synthetic annotation
react/search-input-v33,angular/table-report-v15,different,medium,synthetic annotation
react/search-input-v33,react/button-primary-v22,different,medium,synthetic annotation
react/search-input-v33,vue/button-primary-v19,different,medium,synthetic annotation
react/search-input-v34,angular/modal-login-v36,different,medium,synthetic annotation
react/search-input-v34,angular/profile-card-v36,different,medium,synthetic annotation
react/search-input-v34,angular/search-input-v1,duplicate,medium,synthetic annotation
react/search-input-v34,angular/search-input-v2,different,medium,synthetic annotation
react/search-input-v34,angular/search-input-v3,duplicate,medium,synthetic annotation
react/search-input-v34,angular/search-input-v4,duplicate,medium,synthetic annotation
react/search-input-v34,angular/search-input-v5,duplicate,medium,synthetic annotation
react/search-input-v34,angular/search-input-v6,duplicate,medium,synthetic annotation
react/search-input-v35,angular/button-primary-v34,different,medium,synthetic annotation
react/search-input-v35,angular/modal-login-v21,different,medium,synthetic annotation
react/search-input-v35,angular/search-input-v1,duplicate,medium,synthetic annotation
react/search-input-v35,angular/search-input-v2,duplicate,medium,synthetic annotation
react/search-input-v35,angular/search-input-v3,duplicate,medium,synthetic annotation
react/search-input-v35,angular/search-input-v4,duplicate,medium,synthetic annotation
react/search-input-v35,angular/search-input-v5,duplicate,medium,synthetic annotation
react/search-input-v35,angular/search-input-v6,duplicate,medium,synthetic annotation
react/search-input-v35,vue/modal-login-v4,different,medium,synthetic annotation
react/search-input-v35,vue/profile-card-v22,different,medium,synthetic annotation
react/search-input-v35,vue/table-report-v18,different,medium,synthetic annotation
react/search-input-v35,vue/table-report-v24,different,medium,synthetic annotation
react/search-input-v7,angular/button-primary-v32,different,medium,synthetic annotation
react/search-input-v7,angular/search-input-v1,duplicate,medium,synthetic annotation
react/search-input-v7,angular/search-input-v2,duplicate,medium,synthetic annotation
react/search-input-v7,angular/search-input-v3,duplicate,medium,synthetic annotation
react/search-input-v7,angular/search-input-v4,duplicate,medium,synthetic annotation
react/search-input-v7,angular/search-input-v5,duplicate,medium,synthetic annotation
react/search-input-v7,angular/search-input-v6,duplicate,medium,synthetic annotation
react/search-input-v7,angular/table-report-v1,different,medium,synthetic annotation
react/search-input-v7,react/button-primary-v14,different,medium,synthetic annotation
react/search-input-v7,vue/modal-login-v26,different,medium,synthetic annotation
react/table-report-v1,angular/button-primary-v5,different,medium,synthetic annotation
react/table-report-v1,angular/table-report-v1,duplicate,medium,synthetic annotation
react/table-report-v1,angular/table-report-v2,duplicate,medium,synthetic annotation
react/table-report-v1,angular/table-report-v3,duplicate,medium,synthetic annotation
react/table-report-v1,angular/table-report-v4,duplicate,medium,synthetic annotation
react/table-report-v1,angular/table-report-v5,duplicate,medium,synthetic annotation
react/table-report-v1,angular/table-report-v6,duplicate,medium,synthetic annotation
react/table-report-v1,react/profile-card-v28,different,medium,synthetic annotation
react/table-report-v10,angular/button-primary-v31,different,medium,synthetic annotation
react/table-report-v10,angular/table-report-v1,duplicate,medium,synthetic annotation
react/table-report-v10,angular/table-report-v2,duplicate,medium,synthetic annotation
react/table-report-v10,angular/table-report-v3,duplicate,medium,synthetic annotation
react/table-report-v10,angular/table-report-v4,duplicate,medium,synthetic annotation
react/table-report-v10,angular/table-report-v5,duplicate,medium,synthetic annotation
react/table-report-v10,angular/table-report-v6,duplicate,medium,synthetic annotation
react/table-report-v10,react/profile-card-v28,different,medium,synthetic annotation
react/table-report-v11,angular/search-input-v20,different,medium,synthetic annotation
react/table-report-v11,angular/table-report-v1,duplicate,medium,synthetic annotation
react/table-report-v11,angular/table-report-v2,duplicate,medium,synthetic annotation
react/table-report-v11,angular/table-report-v3,duplicate,medium,synthetic annotation
react/table-report-v11,angular/table-report-v4,duplicate,medium,synthetic annotation
react/table-report-v11,angular/table-report-v5,duplicate,medium,synthetic annotation
react/table-report-v11,angular/table-report-v6,duplicate,medium,synthetic annotation
react/table-report-v11,vue/profile-card-v28,different,medium,synthetic annotation
react/table-report-v12,angular/button-primary-v17,different,medium,synthetic annotation
react/table-report-v12,angular/modal-login-v2,different,medium,synthetic annotation
react/table-report-v12,angular/profile-card-v19,different,medium,synthetic annotation
react/table-report-v12,angular/table-report-v1,duplicate,medium,synthetic annotation
react/table-report-v12,angular/table-report-v2,duplicate,medium,synthetic annotation
react/table-report-v12,angular/table-report-v3,duplicate,medium,synthetic annotation
react/table-report-v12,angular/table-report-v4,duplicate,medium,synthetic annotation
react/table-report-v12,angular/table-report-v5,duplicate,medium,synthetic annotation
react/table-report-v12,angular/table-report-v6,duplicate,medium,synthetic annotation
react/table-report-v12,vue/search-input-v29,different,medium,synthetic annotation
react/table-report-v13,angular/profile-card-v33,different,medium,synthetic annotation
react/table-report-v13,angular/table-report-v1,duplicate,medium,synthetic annotation
react/table-report-v13,angular/table-report-v2,duplicate,medium,synthetic annotation
react/table-report-v13,angular/table-report-v3,duplicate,medium,synthetic annotation
react/table-report-v13,angular/table-report-v4,duplicate,medium,synthetic annotation
react/table-report-v13,angular/table-report-v5,duplicate,medium,synthetic annotation
react/table-report-v13,angular/table-report-v6,duplicate,medium,synthetic annotation
react/table-report-v13,react/button-primary-v30,different,medium,synthetic annotation
react/table-report-v14,angular/button-primary-v16,different,medium,synthetic annotation
react/table-report-v14,angular/modal-login-v35,different,medium,synthetic annotation
react/table-report-v14,angular/table-report-v1,duplicate,medium,synthetic annotation
react/table-report-v14,angular/table-report-v2,duplicate,medium,synthetic annotation
react/table-report-v14,angular/table-report-v3,duplicate,medium,synthetic annotation
react/table-report-v14,angular/table-report-v4,duplicate,medium,synthetic annotation
react/table-report-v14,angular/table-report-v5,near_duplicate,medium,synthetic annotation
react/table-report-v14,angular/table-report-v6,duplicate,medium,synthetic annotation
react/table-report-v20,angular/table-report-v1,duplicate,medium,synthetic annotation
react/table-report-v20,angular/table-report-v2,duplicate,medium,synthetic annotation
react/table-report-v20,angular/table-report-v3,duplicate,medium,synthetic annotation
react/table-report-v20,angular/table-report-v4,duplicate,medium,synthetic annotation
react/table-report-v20,angular/table-report-v5,duplicate,medium,synthetic annotation
react/table-report-v20,angular/table-report-v6,duplicate,medium,synthetic annotation
react/table-report-v20,react/search-input-v7,different,medium,synthetic annotation
react/table-report-v20,vue/button-primary-v23,different,medium,synthetic annotation
react/table-report-v23,angular/search-input-v27,different,medium,synthetic annotation
react/table-report-v23,angular/table-report-v1,duplicate,medium,synthetic annotation
react/table-report-v23,angular/table-report-v2,duplicate,medium,synthetic annotation
react/table-report-v23,angular/table-report-v3,duplicate,medium,synthetic annotation
react/table-report-v23,angular/table-report-v4,duplicate,medium,synthetic annotation
react/table-report-v23,angular/table-report-v5,duplicate,medium,synthetic annotation
react/table-report-v23,angular/table-report-v6,duplicate,medium,synthetic annotation
react/table-report-v23,react/button-primary-v14,different,medium,synthetic annotation
react/table-report-v25,angular/table-report-v1,duplicate,medium,synthetic annotation
react/table-report-v25,angular/table-report-v2,duplicate,medium,synthetic annotation
react/table-report-v25,angular/table-report-v3,duplicate,medium,synthetic annotation
react/table-report-v25,angular/table-report-v4,duplicate,medium,synthetic annotation
react/table-report-v25,angular/table-report-v5,duplicate,medium,synthetic annotation
react/table-report-v25,angular/table-report-v6,duplicate,medium,synthetic annotation
react/table-report-v25,vue/button-primary-v2,different,medium,synthetic annotation
react/table-report-v25,vue/search-input-v11,different,medium,synthetic annotation
react/table-report-v26,angular/table-report-v1,duplicate,medium,synthetic annotation
react/table-report-v26,angular/table-report-v2,duplicate,medium,synthetic annotation
react/table-report-v26,angular/table-report-v3,duplicate,medium,synthetic annotation
react/table-report-v26,angular/table-report-v4,duplicate,medium,synthetic annotation
react/table-report-v26,angular/table-report-v5,duplicate,medium,synthetic annotation
react/table-report-v26,angular/table-report-v6,duplicate,medium,synthetic annotation
react/table-report-v26,react/button-primary-v35,different,medium,synthetic annotation
react/table-report-v26,react/modal-login-v10,different,medium,synthetic annotation
react/table-report-v26,vue/modal-login-v2,different,medium,synthetic annotation
react/table-report-v26,vue/search-input-v12,different,medium,synthetic annotation
react/table-report-v28,angular/button-primary-v6,different,medium,synthetic annotation
react/table-report-v28,angular/modal-login-v31,different,medium,synthetic annotation
react/table-report-v28,angular/table-report-v1,duplicate,medium,synthetic annotation
react/table-report-v28,angular/table-report-v2,duplicate,medium,synthetic annotation
react/table-report-v28,angular/table-report-v3,duplicate,medium,synthetic annotation
react/table-report-v28,angular/table-report-v4,duplicate,medium,synthetic annotation
react/table-report-v28,angular/table-report-v5,duplicate,medium,synthetic annotation
react/table-report-v28,angular/table-report-v6,duplicate,medium,synthetic annotation
react/table-report-v28,vue/profile-card-v25,different,medium,synthetic annotation
react/table-report-v28,vue/profile-card-v30,different,medium,synthetic annotation
react/table-report-v29,angular/table-report-v1,duplicate,medium,synthetic annotation
react/table-report-v29,angular/table-report-v2,duplicate,medium,synthetic annotation
react/table-report-v29,angular/table-report-v3,duplicate,medium,synthetic annotation
react/table-report-v29,angular/table-report-v4,duplicate,medium,synthetic annotation
react/table-report-v29,angular/table-report-v5,different,medium,synthetic annotation
react/table-report-v29,angular/table-report-v6,duplicate,medium,synthetic annotation
react/table-report-v29,vue/button-primary-v22,different,medium,synthetic annotation
react/table-report-v29,vue/modal-login-v15,different,medium,synthetic annotation
react/table-report-v3,angular/button-primary-v33,different,medium,synthetic annotation
react/table-report-v3,angular/profile-card-v30,different,medium,synthetic annotation
react/table-report-v3,angular/search-input-v36,different,medium,synthetic annotation
react/table-report-v3,angular/table-report-v1,duplicate,medium,synthetic annotation
react/table-report-v3,angular/table-report-v2,duplicate,medium,synthetic annotation
react/table-report-v3,angular/table-report-v3,duplicate,medium,synthetic annotation
react/table-report-v3,angular/table-report-v4,duplicate,medium,synthetic annotation
react/table-report-v3,angular/table-report-v5,duplicate,medium,synthetic annotation
react/table-report-v3,angular/table-report-v6,duplicate,medium,synthetic annotation
react/table-report-v3,vue/profile-card-v23,different,medium,synthetic annotation
react/table-report-v32,angular/profile-card-v36,different,medium,synthetic annotation
react/table-report-v32,angular/search-input-v8,different,medium,synthetic annotation
react/table-report-v32,angular/table-report-v1,duplicate,medium,synthetic annotation
react/table-report-v32,angular/table-report-v2,duplicate,medium,synthetic annotation
react/table-report-v32,angular/table-report-v3,duplicate,medium,synthetic annotation
react/table-report-v32,angular/table-report-v4,duplicate,medium,synthetic annotation
react/table-report-v32,angular/table-report-v5,duplicate,medium,synthetic annotation
react/table-report-v32,angular/table-report-v6,duplicate,medium,synthetic annotation
react/table-report-v32,react/modal-login-v2,different,medium,synthetic annotation
react/table-report-v32,vue/modal-login-v24,different,medium,synthetic annotation
react/table-report-v34,angular/table-report-v1,duplicate,medium,synthetic annotation
react/table-report-v34,angular/table-report-v2,duplicate,medium,synthetic annotation
react/table-report-v34,angular/table-report-v3,duplicate,medium,synthetic annotation
react/table-report-v34,angular/table-report-v4,duplicate,medium,synthetic annotation
react/table-report-v34,angular/table-report-v5,duplicate,medium,synthetic annotation
react/table-report-v34,angular/table-report-v6,duplicate,medium,synthetic annotation
react/table-report-v34,react/profile-card-v19,different,medium,synthetic annotation
react/table-report-v34,vue/search-input-v22,different,medium,synthetic annotation
react/table-report-v5,angular/table-report-v1,duplicate,medium,synthetic annotation
react/table-report-v5,angular/table-report-v2,duplicate,medium,synthetic annotation
react/table-report-v5,angular/table-report-v3,duplicate,medium,synthetic annotation
react/table-report-v5,angular/table-report-v4,duplicate,medium,synthetic annotation
react/table-report-v5,angular/table-report-v5,duplicate,medium,synthetic annotation
react/table-report-v5,angular/table-report-v6,duplicate,medium,synthetic annotation
react/table-report-v5,react/button-primary-v8,different,medium,synthetic annotation
react/table-report-v5,vue/search-input-v28,different,medium,synthetic annotation
react/table-report-v6,angular/button-primary-v12,different,medium,synthetic annotation
react/table-report-v6,angular/table-report-v1,duplicate,medium,synthetic annotation
react/table-report-v6,angular/table-report-v2,duplicate,medium,synthetic annotation
react/table-report-v6,angular/table-report-v3,duplicate,medium,synthetic annotation
react/table-report-v6,angular/table-report-v4,duplicate,medium,synthetic annotation
react/table-report-v6,angular/table-report-v5,duplicate,medium,synthetic annotation
react/table-report-v6,angular/table-report-v6,duplicate,medium,synthetic annotation
react/table-report-v6,vue/modal-login-v16,different,medium,synthetic annotation
react/table-report-v7,angular/table-report-v1,duplicate,medium,synthetic annotation
react/table-report-v7,angular/table-report-v2,duplicate,medium,synthetic annotation
react/table-report-v7,angular/table-report-v3,duplicate,medium,synthetic annotation
react/table-report-v7,angular/table-report-v4,near_duplicate,medium,synthetic annotation
react/table-report-v7,angular/table-report-v5,duplicate,medium,synthetic annotation
react/table-report-v7,angular/table-report-v6,duplicate,medium,synthetic annotation
react/table-report-v7,react/profile-card-v9,different,medium,synthetic annotation
react/table-report-v7,react/search-input-v2,different,medium,synthetic annotation
react/table-report-v8,angular/search-input-v18,different,medium,synthetic annotation
react/table-report-v8,angular/table-report-v1,duplicate,medium,synthetic annotation
react/table-report-v8,angular/table-report-v2,duplicate,medium,synthetic annotation
react/table-report-v8,angular/table-report-v3,duplicate,medium,synthetic annotation
react/table-report-v8,angular/table-report-v4,duplicate,medium,synthetic annotation
react/table-report-v8,angular/table-report-v5,duplicate,medium,synthetic annotation
react/table-report-v8,angular/table-report-v6,duplicate,medium,synthetic annotation
react/table-report-v8,vue/profile-card-v24,different,medium,synthetic annotation
vue/button-primary-v10,react/button-primary-v1,duplicate,medium,synthetic annotation
vue/button-primary-v10,react/button-primary-v2,duplicate,medium,synthetic annotation
vue/button-primary-v10,react/button-primary-v3,duplicate,medium,synthetic annotation
vue/button-primary-v10,react/button-primary-v4,duplicate,medium,synthetic annotation
vue/button-primary-v10,react/button-primary-v5,duplicate,medium,synthetic annotation
vue/button-primary-v10,react/button-primary-v6,duplicate,medium,synthetic annotation
vue/button-primary-v10,react/search-input-v15,different,medium,synthetic annotation
vue/button-primary-v10,vue/table-report-v26,different,medium,synthetic annotation
vue/button-primary-v12,angular/table-report-v11,different,medium,synthetic annotation
vue/button-primary-v12,angular/table-report-v9,different,medium,synthetic annotation
vue/button-primary-v12,react/button-primary-v1,duplicate,medium,synthetic annotation
vue/button-primary-v12,react/button-primary-v2,duplicate,medium,synthetic annotation
vue/button-primary-v12,react/button-primary-v3,duplicate,medium,synthetic annotation
vue/button-primary-v12,react/button-primary-v4,duplicate,medium,synthetic annotation
vue/button-primary-v12,react/button-primary-v5,duplicate,medium,synthetic annotation
vue/button-primary-v12,react/button-primary-v6,duplicate,medium,synthetic annotation
vue/button-primary-v12,vue/modal-login-v14,different,medium,synthetic annotation
vue/button-primary-v12,vue/profile-card-v34,different,medium,synthetic annotation
vue/button-primary-v13,angular/modal-login-v10,different,medium,synthetic annotation
vue/button-primary-v13,angular/profile-card-v2,different,medium,synthetic annotation
vue/button-primary-v13,angular/profile-card-v8,different,medium,synthetic annotation
vue/button-primary-v13,angular/search-input-v11,different,medium,synthetic annotation
vue/button-primary-v13,react/button-primary-v1,duplicate,medium,synthetic annotation
vue/button-primary-v13,react/button-primary-v2,duplicate,medium,synthetic annotation
vue/button-primary-v13,react/button-primary-v3,duplicate,medium,synthetic annotation
vue/button-primary-v13,react/button-primary-v4,duplicate,medium,synthetic annotation
vue/button-primary-v13,react/button-primary-v5,duplicate,medium,synthetic annotation
vue/button-primary-v13,react/button-primary-v6,duplicate,medium,synthetic annotation
vue/button-primary-v14,angular/profile-card-v19,different,medium,synthetic annotation
vue/button-primary-v14,react/button-primary-v1,duplicate,medium,synthetic annotation
vue/button-primary-v14,react/button-primary-v2,duplicate,medium,synthetic annotation
vue/button-primary-v14,react/button-primary-v3,duplicate,medium,synthetic annotation
vue/button-primary-v14,react/button-primary-v4,duplicate,medium,synthetic annotation
vue/button-primary-v14,react/button-primary-v5,duplicate,medium,synthetic annotation
vue/button-primary-v14,react/button-primary-v6,duplicate,medium,synthetic annotation
vue/button-primary-v14,vue/search-input-v35,duplicate,medium,synthetic annotation
vue/button-primary-v15,angular/modal-login-v23,different,medium,synthetic annotation
vue/button-primary-v15,react/button-primary-v1,duplicate,medium,synthetic annotation
vue/button-primary-v15,react/button-primary-v2,duplicate,medium,synthetic annotation
vue/button-primary-v15,react/button-primary-v3,duplicate,medium,synthetic annotation
vue/button-primary-v15,react/button-primary-v4,duplicate,medium,synthetic annotation
vue/button-primary-v15,react/button-primary-v5,duplicate,medium,synthetic annotation
vue/button-primary-v15,react/button-primary-v6,duplicate,medium,synthetic annotation
vue/button-primary-v15,vue/profile-card-v13,different,medium,synthetic annotation
vue/button-primary-v17,react/button-primary-v1,duplicate,medium,synthetic annotation
vue/button-primary-v17,react/button-primary-v2,duplicate,medium,synthetic annotation
vue/button-primary-v17,react/button-primary-v3,duplicate,medium,synthetic annotation
vue/button-primary-v17,react/button-primary-v4,duplicate,medium,synthetic annotation
vue/button-primary-v17,react/button-primary-v5,duplicate,medium,synthetic annotation
vue/button-primary-v17,react/button-primary-v6,duplicate,medium,synthetic annotation
vue/button-primary-v17,react/search-input-v17,different,medium,synthetic annotation
vue/button-primary-v17,vue/profile-card-v33,different,medium,synthetic annotation
vue/button-primary-v18,angular/table-report-v28,different,medium,synthetic annotation
vue/button-primary-v18,react/button-primary-v1,duplicate,medium,synthetic annotation
vue/button-primary-v18,react/button-primary-v2,duplicate,medium,synthetic annotation
vue/button-primary-v18,react/button-primary-v3,duplicate,medium,synthetic annotation
vue/button-primary-v18,react/button-primary-v4,duplicate,medium,synthetic annotation
vue/button-primary-v18,react/button-primary-v5,duplicate,medium,synthetic annotation
vue/button-primary-v18,react/button-primary-v6,duplicate,medium,synthetic annotation
vue/button-primary-v18,react/modal-login-v22,different,medium,synthetic annotation
vue/button-primary-v19,angular/search-input-v34,different,medium,synthetic annotation
vue/button-primary-v19,react/button-primary-v1,duplicate,medium,synthetic annotation
vue/button-primary-v19,react/button-primary-v2,duplicate,medium,synthetic annotation
vue/button-primary-v19,react/button-primary-v3,duplicate,medium,synthetic annotation
vue/button-primary-v19,react/button-primary-v4,duplicate,medium,synthetic annotation
vue/button-primary-v19,react/button-primary-v5,duplicate,medium,synthetic annotation
vue/button-primary-v19,react/button-primary-v6,duplicate,medium,synthetic annotation
vue/button-primary-v19,vue/search-input-v36,different,medium,synthetic annotation
vue/button-primary-v19,vue/table-report-v23,different,medium,synthetic annotation
vue/button-primary-v19,vue/table-report-v24,different,medium,synthetic annotation
vue/button-primary-v20,angular/search-input-v9,different,medium,synthetic annotation
vue/button-primary-v20,react/button-primary-v1,duplicate,medium,synthetic annotation
vue/button-primary-v20,react/button-primary-v2,duplicate,medium,synthetic annotation
vue/button-primary-v20,react/button-primary-v3,duplicate,medium,synthetic annotation
vue/button-primary-v20,react/button-primary-v4,duplicate,medium,synthetic annotation
vue/button-primary-v20,react/button-primary-v5,duplicate,medium,synthetic annotation
vue/button-primary-v20,react/button-primary-v6,duplicate,medium,synthetic annotation
vue/button-primary-v20,react/profile-card-v27,different,medium,synthetic annotation
vue/button-primary-v20,react/table-report-v13,different,medium,synthetic annotation
vue/button-primary-v20,vue/modal-login-v26,different,medium,synthetic annotation
vue/button-primary-v20,vue/modal-login-v8,different,medium,synthetic annotation
vue/button-primary-v20,vue/table-report-v15,different,medium,synthetic annotation
vue/button-primary-v21,angular/search-input-v31,different,medium,synthetic annotation
vue/button-primary-v21,react/button-primary-v1,duplicate,medium,synthetic annotation
vue/button-primary-v21,react/button-primary-v2,duplicate,medium,synthetic annotation
vue/button-primary-v21,react/button-primary-v3,duplicate,medium,synthetic annotation
vue/button-primary-v21,react/button-primary-v4,duplicate,medium,synthetic annotation
vue/button-primary-v21,react/button-primary-v5,duplicate,medium,synthetic annotation
vue/button-primary-v21,react/button-primary-v6,duplicate,medium,synthetic annotation
vue/button-primary-v21,vue/modal-login-v34,different,medium,synthetic annotation
vue/button-primary-v23,angular/modal-login-v20,different,medium,synthetic annotation
vue/button-primary-v23,react/button-primary-v1,duplicate,medium,synthetic annotation
vue/button-primary-v23,react/button-primary-v2,duplicate,medium,synthetic annotation
vue/button-primary-v23,react/button-primary-v3,duplicate,medium,synthetic annotation
vue/button-primary-v23,react/button-primary-v4,duplicate,medium,synthetic annotation
vue/button-primary-v23,react/button-primary-v5,duplicate,medium,synthetic annotation
vue/button-primary-v23,react/button-primary-v6,duplicate,medium,synthetic annotation
vue/button-primary-v23,react/search-input-v10,different,medium,synthetic annotation
vue/button-primary-v23,vue/search-input-v36,near_duplicate,medium,synthetic annotation
vue/button-primary-v23,vue/table-report-v33,different,medium,synthetic annotation
vue/button-primary-v24,angular/modal-login-v16,different,medium,synthetic annotation
vue/button-primary-v24,angular/profile-card-v23,different,medium,synthetic annotation
vue/button-primary-v24,angular/table-report-v17,different,medium,synthetic annotation
vue/button-primary-v24,react/button-primary-v1,duplicate,medium,synthetic annotation
vue/button-primary-v24,react/button-primary-v2,duplicate,medium,synthetic annotation
vue/button-primary-v24,react/button-primary-v3,duplicate,medium,synthetic annotation
vue/button-primary-v24,react/button-primary-v4,duplicate,medium,synthetic annotation
vue/button-primary-v24,react/button-primary-v5,duplicate,medium,synthetic annotation
vue/button-primary-v24,react/button-primary-v6,duplicate,medium,synthetic annotation
vue/button-primary-v24,vue/modal-login-v20,different,medium,synthetic annotation
vue/button-primary-v25,react/button-primary-v1,duplicate,medium,synthetic annotation
vue/button-primary-v25,react/button-primary-v2,different,medium,synthetic annotation
vue/button-primary-v25,react/button-primary-v3,duplicate,medium,synthetic annotation
vue/button-primary-v25,react/button-primary-v4,near_duplicate,medium,synthetic annotation
vue/button-primary-v25,react/button-primary-v5,duplicate,medium,synthetic annotation
vue/button-primary-v25,react/button-primary-v6,duplicate,medium,synthetic annotation
vue/button-primary-v25,vue/modal-login-v36,different,medium,synthetic annotation
vue/button-primary-v25,vue/table-report-v10,different,medium,synthetic annotation
vue/button-primary-v26,angular/profile-card-v15,different,medium,synthetic annotation
vue/button-primary-v26,angular/table-report-v8,different,medium,synthetic annotation
vue/button-primary-v26,react/button-primary-v1,duplicate,medium,synthetic annotation
vue/button-primary-v26,react/button-primary-v2,duplicate,medium,synthetic annotation
vue/button-primary-v26,react/button-primary-v3,duplicate,medium,synthetic annotation
vue/button-primary-v26,react/button-primary-v4,duplicate,medium,synthetic annotation
vue/button-primary-v26,react/button-primary-v5,duplicate,medium,synthetic annotation
vue/button-primary-v26,react/button-primary-v6,duplicate,medium,synthetic annotation
vue/button-primary-v27,angular/search-input-v11,different,medium,synthetic annotation
vue/button-primary-v27,angular/table-report-v30,different,medium,synthetic annotation
vue/button-primary-v27,react/button-primary-v1,duplicate,medium,synthetic annotation
vue/button-primary-v27,react/button-primary-v2,duplicate,medium,synthetic annotation
vue/button-primary-v27,react/button-primary-v3,duplicate,medium,synthetic annotation
vue/button-primary-v27,react/button-primary-v4,duplicate,medium,synthetic annotation
vue/button-primary-v27,react/button-primary-v5,duplicate,medium,synthetic annotation
vue/button-primary-v27,react/button-primary-v6,duplicate,medium,synthetic annotation
vue/button-primary-v27,vue/search-input-v31,different,medium,synthetic annotation
vue/button-primary-v27,vue/table-report-v13,different,medium,synthetic annotation
vue/button-primary-v29,angular/profile-card-v34,different,medium,synthetic annotation
vue/button-primary-v29,angular/table-report-v33,different,medium,synthetic annotation
vue/button-primary-v29,react/button-primary-v1,duplicate,medium,synthetic annotation
vue/button-primary-v29,react/button-primary-v2,duplicate,medium,synthetic annotation
vue/button-primary-v29,react/button-primary-v3,duplicate,medium,synthetic annotation
vue/button-primary-v29,react/button-primary-v4,duplicate,medium,synthetic annotation
vue/button-primary-v29,react/button-primary-v5,duplicate,medium,synthetic annotation
vue/button-primary-v29,react/button-primary-v6,duplicate,medium,synthetic annotation
vue/button-primary-v29,react/table-report-v33,different,medium,synthetic annotation
vue/button-primary-v29,vue/profile-card-v16,different,medium,synthetic annotation
vue/button-primary-v3,react/button-primary-v1,duplicate,medium,synthetic annotation
vue/button-primary-v3,react/button-primary-v2,duplicate,medium,synthetic annotation
vue/button-primary-v3,react/button-primary-v3,duplicate,medium,synthetic annotation
vue/button-primary-v3,react/button-primary-v4,duplicate,medium,synthetic annotation
vue/button-primary-v3,react/button-primary-v5,duplicate,medium,synthetic annotation
vue/button-primary-v3,react/button-primary-v6,duplicate,medium,synthetic annotation
vue/button-primary-v3,react/search-input-v23,different,medium,synthetic annotation
vue/button-primary-v3,vue/table-report-v28,different,medium,synthetic annotation
vue/button-primary-v30,angular/profile-card-v34,different,medium,synthetic annotation
vue/button-primary-v30,react/button-primary-v1,duplicate,medium,synthetic annotation
vue/button-primary-v30,react/button-primary-v2,duplicate,medium,synthetic annotation
vue/button-primary-v30,react/button-primary-v3,duplicate,medium,synthetic annotation
vue/button-primary-v30,react/button-primary-v4,duplicate,medium,synthetic annotation
vue/button-primary-v30,react/button-primary-v5,duplicate,medium,synthetic annotation
vue/button-primary-v30,react/button-primary-v6,duplicate,medium,synthetic annotation
vue/button-primary-v30,react/modal-login-v33,different,medium,synthetic annotation
vue/button-primary-v31,react/button-primary-v1,duplicate,medium,synthetic annotation
vue/button-primary-v31,react/button-primary-v2,duplicate,medium,synthetic annotation
vue/button-primary-v31,react/button-primary-v3,duplicate,medium,synthetic annotation
vue/button-primary-v31,react/button-primary-v4,duplicate,medium,synthetic annotation
vue/button-primary-v31,react/button-primary-v5,duplicate,medium,synthetic annotation
vue/button-primary-v31,react/button-primary-v6,duplicate,medium,synthetic annotation
vue/button-primary-v31,react/table-report-v7,different,medium,synthetic annotation
vue/button-primary-v31,vue/search-input-v14,different,medium,synthetic annotation
vue/button-primary-v34,angular/profile-card-v17,different,medium,synthetic annotation
vue/button-primary-v34,angular/table-report-v14,different,medium,synthetic annotation
vue/button-primary-v34,react/button-primary-v1,duplicate,medium,synthetic annotation
vue/button-primary-v34,react/button-primary-v2,duplicate,medium,synthetic annotation
vue/button-primary-v34,react/button-primary-v3,duplicate,medium,synthetic annotation
vue/button-primary-v34,react/button-primary-v4,duplicate,medium,synthetic annotation
vue/button-primary-v34,react/button-primary-v5,duplicate,medium,synthetic annotation
vue/button-primary-v34,react/button-primary-v6,duplicate,medium,synthetic annotation
vue/button-primary-v35,angular/search-input-v31,different,medium,synthetic annotation
vue/button-primary-v35,angular/table-report-v12,different,medium,synthetic annotation
vue/button-primary-v35,react/button-primary-v1,duplicate,medium,synthetic annotation
vue/button-primary-v35,react/button-primary-v2,different,medium,synthetic annotation
vue/button-primary-v35,react/button-primary-v3,duplicate,medium,synthetic annotation
vue/button-primary-v35,react/button-primary-v4,duplicate,medium,synthetic annotation
vue/button-primary-v35,react/button-primary-v5,duplicate,medium,synthetic annotation
vue/button-primary-v35,react/button-primary-v6,duplicate,medium,synthetic annotation
vue/button-primary-v4,angular/table-report-v32,different,medium,synthetic annotation
vue/button-primary-v4,react/button-primary-v1,duplicate,medium,synthetic annotation
vue/button-primary-v4,react/button-primary-v2,duplicate,medium,synthetic annotation
vue/button-primary-v4,react/button-primary-v3,duplicate,medium,synthetic annotation
vue/button-primary-v4,react/button-primary-v4,duplicate,medium,synthetic annotation
vue/button-primary-v4,react/button-primary-v5,duplicate,medium,synthetic annotation
vue/button-primary-v4,react/button-primary-v6,duplicate,medium,synthetic annotation
vue/button-primary-v4,react/profile-card-v1,different,medium,synthetic annotation
vue/button-primary-v6,angular/search-input-v2,different,medium,synthetic annotation
vue/button-primary-v6,angular/search-input-v35,different,medium,synthetic annotation
vue/button-primary-v6,angular/table-report-v5,different,medium,synthetic annotation
vue/button-primary-v6,react/button-primary-v1,duplicate,medium,synthetic annotation
vue/button-primary-v6,react/button-primary-v2,duplicate,medium,synthetic annotation
vue/button-primary-v6,react/button-primary-v3,duplicate,medium,synthetic annotation
vue/button-primary-v6,react/button-primary-v4,duplicate,medium,synthetic annotation
vue/button-primary-v6,react/button-primary-v5,duplicate,medium,synthetic annotation
vue/button-primary-v6,react/button-primary-v6,duplicate,medium,synthetic annotation
vue/button-primary-v6,react/profile-card-v25,different,medium,synthetic annotation
vue/button-primary-v8,angular/search-input-v36,different,medium,synthetic annotation
vue/button-primary-v8,react/button-primary-v1,duplicate,medium,synthetic annotation
vue/button-primary-v8,react/button-primary-v2,duplicate,medium,synthetic annotation
vue/button-primary-v8,react/button-primary-v3,duplicate,medium,synthetic annotation
vue/button-primary-v8,react/button-primary-v4,duplicate,medium,synthetic annotation
vue/button-primary-v8,react/button-primary-v5,different,medium,synthetic annotation
vue/button-primary-v8,react/button-primary-v6,duplicate,medium,synthetic annotation
vue/button-primary-v8,react/table-report-v27,different,medium,synthetic annotation
vue/modal-login-v1,angular/search-input-v19,different,medium,synthetic annotation
vue/modal-login-v1,angular/search-input-v26,different,medium,synthetic annotation
vue/modal-login-v1,react/modal-login-v1,duplicate,medium,synthetic annotation
vue/modal-login-v1,react/modal-login-v2,duplicate,medium,synthetic annotation
vue/modal-login-v1,react/modal-login-v3,duplicate,medium,synthetic annotation
vue/modal-login-v1,react/modal-login-v4,duplicate,medium,synthetic annotation
vue/modal-login-v1,react/modal-login-v5,duplicate,medium,synthetic annotation
vue/modal-login-v1,react/modal-login-v6,duplicate,medium,synthetic annotation
vue/modal-login-v1,react/profile-card-v22,different,medium,synthetic annotation
vue/modal-login-v1,vue/profile-card-v22,different,medium,synthetic annotation
vue/modal-login-v10,react/modal-login-v1,duplicate,medium,synthetic annotation
vue/modal-login-v10,react/modal-login-v2,duplicate,medium,synthetic annotation
vue/modal-login-v10,react/modal-login-v3,duplicate,medium,synthetic annotation
vue/modal-login-v10,react/modal-login-v4,duplicate,medium,synthetic annotation
vue/modal-login-v10,react/modal-login-v5,duplicate,medium,synthetic annotation
vue/modal-login-v10,react/modal-login-v6,duplicate,medium,synthetic annotation
vue/modal-login-v10,react/search-input-v34,different,medium,synthetic annotation
vue/modal-login-v10,vue/table-report-v3,different,medium,synthetic annotation
vue/modal-login-v12,angular/button-primary-v31,different,medium,synthetic annotation
vue/modal-login-v12,angular/profile-card-v1,different,medium,synthetic annotation
vue/modal-login-v12,angular/profile-card-v15,different,medium,synthetic annotation
vue/modal-login-v12,react/modal-login-v1,duplicate,medium,synthetic annotation
vue/modal-login-v12,react/modal-login-v2,duplicate,medium,synthetic annotation
vue/modal-login-v12,react/modal-login-v3,duplicate,medium,synthetic annotation
vue/modal-login-v12,react/modal-login-v4,duplicate,medium,synthetic annotation
vue/modal-login-v12,react/modal-login-v5,duplicate,medium,synthetic annotation
vue/modal-login-v12,react/modal-login-v6,duplicate,medium,synthetic annotation
vue/modal-login-v12,react/table-report-v29,different,medium,synthetic annotation
vue/modal-login-v12,vue/button-primary-v8,different,medium,synthetic annotation
vue/modal-login-v12,vue/search-input-v19,different,medium,synthetic annotation
vue/modal-login-v13,angular/profile-card-v33,different,medium,synthetic annotation
vue/modal-login-v13,react/button-primary-v21,different,medium,synthetic annotation
vue/modal-login-v13,react/modal-login-v1,duplicate,medium,synthetic annotation
vue/modal-login-v13,react/modal-login-v2,duplicate,medium,synthetic annotation
vue/modal-login-v13,react/modal-login-v3,different,medium,synthetic annotation
vue/modal-login-v13,react/modal-login-v4,duplicate,medium,synthetic annotation
vue/modal-login-v13,react/modal-login-v5,duplicate,medium,synthetic annotation
vue/modal-login-v13,react/modal-login-v6,duplicate,medium,synthetic annotation
vue/modal-login-v14,angular/button-primary-v24,different,medium,synthetic annotation
vue/modal-login-v14,react/modal-login-v1,duplicate,medium,synthetic annotation
vue/modal-login-v14,react/modal-login-v2,duplicate,medium,synthetic annotation
vue/modal-login-v14,react/modal-login-v3,duplicate,medium,synthetic annotation
vue/modal-login-v14,react/modal-login-v4,duplicate,medium,synthetic annotation
vue/modal-login-v14,react/modal-login-v5,duplicate,medium,synthetic annotation
vue/modal-login-v14,react/modal-login-v6,duplicate,medium,synthetic annotation
vue/modal-login-v14,vue/search-input-v11,different,medium,synthetic annotation
vue/modal-login-v15,angular/button-primary-v36,different,medium,synthetic annotation
vue/modal-login-v15,angular/search-input-v35,different,medium,synthetic annotation
vue/modal-login-v15,react/modal-login-v1,duplicate,medium,synthetic annotation
vue/modal-login-v15,react/modal-login-v2,duplicate,medium,synthetic annotation
vue/modal-login-v15,react/modal-login-v3,duplicate,medium,synthetic annotation
vue/modal-login-v15,react/modal-login-v4,duplicate,medium,synthetic annotation
vue/modal-login-v15,react/modal-login-v5,duplicate,medium,synthetic annotation
vue/modal-login-v15,react/modal-login-v6,duplicate,medium,synthetic annotation
vue/modal-login-v18,angular/button-primary-v29,different,medium,synthetic annotation
vue/modal-login-v18,react/modal-login-v1,duplicate,medium,synthetic annotation
vue/modal-login-v18,react/modal-login-v2,duplicate,medium,synthetic annotation
vue/modal-login-v18,react/modal-login-v3,duplicate,medium,synthetic annotation
vue/modal-login-v18,react/modal-login-v4,duplicate,medium,synthetic annotation
vue/modal-login-v18,react/modal-login-v5,duplicate,medium,synthetic annotation
vue/modal-login-v18,react/modal-login-v6,duplicate,medium,synthetic annotation
vue/modal-login-v18,react/profile-card-v14,different,medium,synthetic annotation
vue/modal-login-v20,angular/profile-card-v11,different,medium,synthetic annotation
vue/modal-login-v20,react/modal-login-v1,duplicate,medium,synthetic annotation
vue/modal-login-v20,react/modal-login-v2,duplicate,medium,synthetic annotation
vue/modal-login-v20,react/modal-login-v3,duplicate,medium,synthetic annotation
vue/modal-login-v20,react/modal-login-v4,duplicate,medium,synthetic annotation
vue/modal-login-v20,react/modal-login-v5,duplicate,medium,synthetic annotation
vue/modal-login-v20,react/modal-login-v6,duplicate,medium,synthetic annotation
vue/modal-login-v20,vue/table-report-v36,different,medium,synthetic annotation
vue/modal-login-v21,angular/profile-card-v26,different,medium,synthetic annotation
vue/modal-login-v21,react/modal-login-v1,duplicate,medium,synthetic annotation
vue/modal-login-v21,react/modal-login-v2,duplicate,medium,synthetic annotation
vue/modal-login-v21,react/modal-login-v3,duplicate,medium,synthetic annotation
vue/modal-login-v21,react/modal-login-v4,duplicate,medium,synthetic annotation
vue/modal-login-v21,react/modal-login-v5,duplicate,medium,synthetic annotation
vue/modal-login-v21,react/modal-login-v6,duplicate,medium,synthetic annotation
vue/modal-login-v21,react/search-input-v6,different,medium,synthetic annotation
vue/modal-login-v21,vue/button-primary-v15,different,medium,synthetic annotation
vue/modal-login-v21,vue/button-primary-v3,different,medium,synthetic annotation
vue/modal-login-v25,react/modal-login-v1,duplicate,medium,synthetic annotation
vue/modal-login-v25,react/modal-login-v2,duplicate,medium,synthetic annotation
vue/modal-login-v25,react/modal-login-v3,duplicate,medium,synthetic annotation
vue/modal-login-v25,react/modal-login-v4,duplicate,medium,synthetic annotation
vue/modal-login-v25,react/modal-login-v5,duplicate,medium,synthetic annotation
vue/modal-login-v25,react/modal-login-v6,duplicate,medium,synthetic annotation
vue/modal-login-v25,react/profile-card-v21,different,medium,synthetic annotation
vue/modal-login-v25,react/table-report-v23,different,medium,synthetic annotation
vue/modal-login-v26,angular/table-report-v15,different,medium,synthetic annotation
vue/modal-login-v26,react/modal-login-v1,duplicate,medium,synthetic annotation
vue/modal-login-v26,react/modal-login-v2,duplicate,medium,synthetic annotation
vue/modal-login-v26,react/modal-login-v3,duplicate,medium,synthetic annotation
vue/modal-login-v26,react/modal-login-v4,duplicate,medium,synthetic annotation
vue/modal-login-v26,react/modal-login-v5,duplicate,medium,synthetic annotation
vue/modal-login-v26,react/modal-login-v6,duplicate,medium,synthetic annotation
vue/modal-login-v26,vue/profile-card-v34,different,medium,synthetic annotation
vue/modal-login-v27,angular/button-primary-v29,different,medium,synthetic annotation
vue/modal-login-v27,angular/search-input-v24,different,medium,synthetic annotation
vue/modal-login-v27,react/modal-login-v1,near_duplicate,medium,synthetic annotation
vue/modal-login-v27,react/modal-login-v2,duplicate,medium,synthetic annotation
vue/modal-login-v27,react/modal-login-v3,duplicate,medium,synthetic annotation
vue/modal-login-v27,react/modal-login-v4,duplicate,medium,synthetic annotation
vue/modal-login-v27,react/modal-login-v5,duplicate,medium,synthetic annotation
vue/modal-login-v27,react/modal-login-v6,duplicate,medium,synthetic annotation
vue/modal-login-v29,angular/button-primary-v26,different,medium,synthetic annotation
vue/modal-login-v29,react/modal-login-v1,duplicate,medium,synthetic annotation
vue/modal-login-v29,react/modal-login-v2,duplicate,medium,synthetic annotation
vue/modal-login-v29,react/modal-login-v3,duplicate,medium,synthetic annotation
vue/modal-login-v29,react/modal-login-v4,duplicate,medium,synthetic annotation
vue/modal-login-v29,react/modal-login-v5,duplicate,medium,synthetic annotation
vue/modal-login-v29,react/modal-login-v6,duplicate,medium,synthetic annotation
vue/modal-login-v29,vue/table-report-v13,different,medium,synthetic annotation
vue/modal-login-v3,angular/search-input-v30,different,medium,synthetic annotation
vue/modal-login-v3,react/modal-login-v1,duplicate,medium,synthetic annotation
vue/modal-login-v3,react/modal-login-v2,duplicate,medium,synthetic annotation
vue/modal-login-v3,react/modal-login-v3,duplicate,medium,synthetic annotation
vue/modal-login-v3,react/modal-login-v4,duplicate,medium,synthetic annotation
vue/modal-login-v3,react/modal-login-v5,duplicate,medium,synthetic annotation
vue/modal-login-v3,react/modal-login-v6,duplicate,medium,synthetic annotation
vue/modal-login-v3,vue/profile-card-v13,near_duplicate,medium,synthetic annotation
vue/modal-login-v31,angular/table-report-v3,different,medium,synthetic annotation
vue/modal-login-v31,react/modal-login-v1,duplicate,medium,synthetic annotation
vue/modal-login-v31,react/modal-login-v2,duplicate,medium,synthetic annotation
vue/modal-login-v31,react/modal-login-v3,duplicate,medium,synthetic annotation
vue/modal-login-v31,react/modal-login-v4,duplicate,medium,synthetic annotation
vue/modal-login-v31,react/modal-login-v5,duplicate,medium,synthetic annotation
vue/modal-login-v31,react/modal-login-v6,duplicate,medium,synthetic annotation
vue/modal-login-v31,react/search-input-v19,different,medium,synthetic annotation
vue/modal-login-v35,react/button-primary-v24,different,medium,synthetic annotation
vue/modal-login-v35,react/button-primary-v6,different,medium,synthetic annotation
vue/modal-login-v35,react/modal-login-v1,duplicate,medium,synthetic annotation
vue/modal-login-v35,react/modal-login-v2,duplicate,medium,synthetic annotation
vue/modal-login-v35,react/modal-login-v3,duplicate,medium,synthetic annotation
vue/modal-login-v35,react/modal-login-v4,duplicate,medium,synthetic annotation
vue/modal-login-v35,react/modal-login-v5,duplicate,medium,synthetic annotation
vue/modal-login-v35,react/modal-login-v6,near_duplicate,medium,synthetic annotation
vue/modal-login-v35,react/search-input-v15,different,medium,synthetic annotation
vue/modal-login-v35,react/table-report-v19,duplicate,medium,synthetic annotation
vue/modal-login-v35,react/table-report-v32,different,medium,synthetic annotation
vue/modal-login-v35,vue/search-input-v30,different,medium,synthetic annotation
vue/modal-login-v5,angular/table-report-v35,different,medium,synthetic annotation
vue/modal-login-v5,react/modal-login-v1,duplicate,medium,synthetic annotation
vue/modal-login-v5,react/modal-login-v2,duplicate,medium,synthetic annotation
vue/modal-login-v5,react/modal-login-v3,duplicate,medium,synthetic annotation
vue/modal-login-v5,react/modal-login-v4,duplicate,medium,synthetic annotation
vue/modal-login-v5,react/modal-login-v5,duplicate,medium,synthetic annotation
vue/modal-login-v5,react/modal-login-v6,duplicate,medium,synthetic annotation
vue/modal-login-v5,react/search-input-v11,different,medium,synthetic annotation
vue/modal-login-v6,react/modal-login-v1,duplicate,medium,synthetic annotation
vue/modal-login-v6,react/modal-login-v2,duplicate,medium,synthetic annotation
vue/modal-login-v6,react/modal-login-v3,duplicate,medium,synthetic annotation
vue/modal-login-v6,react/modal-login-v4,duplicate,medium,synthetic annotation
vue/modal-login-v6,react/modal-login-v5,duplicate,medium,synthetic annotation
vue/modal-login-v6,react/modal-login-v6,duplicate,medium,synthetic annotation
vue/modal-login-v6,react/profile-card-v29,different,medium,synthetic annotation
vue/modal-login-v6,react/table-report-v22,different,medium,synthetic annotation
vue/profile-card-v1,angular/button-primary-v8,different,medium,synthetic annotation
vue/profile-card-v1,react/profile-card-v1,duplicate,medium,synthetic annotation
vue/profile-card-v1,react/profile-card-v2,duplicate,medium,synthetic annotation
vue/profile-card-v1,react/profile-card-v3,duplicate,medium,synthetic annotation
vue/profile-card-v1,react/profile-card-v4,duplicate,medium,synthetic annotation
vue/profile-card-v1,react/profile-card-v5,duplicate,medium,synthetic annotation
vue/profile-card-v1,react/profile-card-v6,duplicate,medium,synthetic annotation
vue/profile-card-v1,vue/table-report-v25,different,medium,synthetic annotation
vue/profile-card-v16,angular/button-primary-v14,different,medium,synthetic annotation
vue/profile-card-v16,react/button-primary-v35,different,medium,synthetic annotation
vue/profile-card-v16,react/profile-card-v1,duplicate,medium,synthetic annotation
vue/profile-card-v16,react/profile-card-v2,duplicate,medium,synthetic annotation
vue/profile-card-v16,react/profile-card-v3,duplicate,medium,synthetic annotation
vue/profile-card-v16,react/profile-card-v4,duplicate,medium,synthetic annotation
vue/profile-card-v16,react/profile-card-v5,duplicate,medium,synthetic annotation
vue/profile-card-v16,react/profile-card-v6,duplicate,medium,synthetic annotation
vue/profile-card-v16,vue/modal-login-v21,different,medium,synthetic annotation
vue/profile-card-v16,vue/table-report-v10,different,medium,synthetic annotation
vue/profile-card-v17,angular/search-input-v11,different,medium,synthetic annotation
vue/profile-card-v17,react/modal-login-v14,different,medium,synthetic annotation
vue/profile-card-v17,react/profile-card-v1,duplicate,medium,synthetic annotation
vue/profile-card-v17,react/profile-card-v2,duplicate,medium,synthetic annotation
vue/profile-card-v17,react/profile-card-v3,duplicate,medium,synthetic annotation
vue/profile-card-v17,react/profile-card-v4,duplicate,medium,synthetic annotation
vue/profile-card-v17,react/profile-card-v5,duplicate,medium,synthetic annotation
vue/profile-card-v17,react/profile-card-v6,duplicate,medium,synthetic annotation
vue/profile-card-v18,angular/search-input-v16,different,medium,synthetic annotation
vue/profile-card-v18,react/modal-login-v36,different,medium,synthetic annotation
vue/profile-card-v18,react/profile-card-v1,duplicate,medium,synthetic annotation
vue/profile-card-v18,react/profile-card-v2,duplicate,medium,synthetic annotation
vue/profile-card-v18,react/profile-card-v3,duplicate,medium,synthetic annotation
vue/profile-card-v18,react/profile-card-v4,duplicate,medium,synthetic annotation
vue/profile-card-v18,react/profile-card-v5,duplicate,medium,synthetic annotation
vue/profile-card-v18,react/profile-card-v6,duplicate,medium,synthetic annotation
vue/profile-card-v19,angular/button-primary-v31,different,medium,synthetic annotation
vue/profile-card-v19,react/profile-card-v1,duplicate,medium,synthetic annotation
vue/profile-card-v19,react/profile-card-v2,duplicate,medium,synthetic annotation
vue/profile-card-v19,react/profile-card-v3,duplicate,medium,synthetic annotation
vue/profile-card-v19,react/profile-card-v4,duplicate,medium,synthetic annotation
vue/profile-card-v19,react/profile-card-v5,duplicate,medium,synthetic annotation
vue/profile-card-v19,react/profile-card-v6,duplicate,medium,synthetic annotation
vue/profile-card-v19,react/search-input-v16,different,medium,synthetic annotation
vue/profile-card-v2,angular/search-input-v21,different,medium,synthetic annotation
vue/profile-card-v2,angular/table-report-v13,different,medium,synthetic annotation
vue/profile-card-v2,react/profile-card-v1,duplicate,medium,synthetic annotation
vue/profile-card-v2,react/profile-card-v2,duplicate,medium,synthetic annotation
vue/profile-card-v2,react/profile-card-v3,duplicate,medium,synthetic annotation
vue/profile-card-v2,react/profile-card-v4,duplicate,medium,synthetic annotation
vue/profile-card-v2,react/profile-card-v5,duplicate,medium,synthetic annotation
vue/profile-card-v2,react/profile-card-v6,different,medium,synthetic annotation
vue/profile-card-v23,react/button-primary-v18,different,medium,synthetic annotation
vue/profile-card-v23,react/modal-login-v33,different,medium,synthetic annotation
vue/profile-card-v23,react/profile-card-v1,duplicate,medium,synthetic annotation
vue/profile-card-v23,react/profile-card-v2,duplicate,medium,synthetic annotation
vue/profile-card-v23,react/profile-card-v3,duplicate,medium,synthetic annotation
vue/profile-card-v23,react/profile-card-v4,duplicate,medium,synthetic annotation
vue/profile-card-v23,react/profile-card-v5,duplicate,medium,synthetic annotation
vue/profile-card-v23,react/profile-card-v6,duplicate,medium,synthetic annotation
vue/profile-card-v24,angular/search-input-v35,different,medium,synthetic annotation
vue/profile-card-v24,react/button-primary-v23,different,medium,synthetic annotation
vue/profile-card-v24,react/profile-card-v1,duplicate,medium,synthetic annotation
vue/profile-card-v24,react/profile-card-v2,duplicate,medium,synthetic annotation
vue/profile-card-v24,react/profile-card-v3,duplicate,medium,synthetic annotation
vue/profile-card-v24,react/profile-card-v4,duplicate,medium,synthetic annotation
vue/profile-card-v24,react/profile-card-v5,duplicate,medium,synthetic annotation
vue/profile-card-v24,react/profile-card-v6,duplicate,medium,synthetic annotation
vue/profile-card-v28,angular/table-report-v23,different,medium,synthetic annotation
vue/profile-card-v28,react/profile-card-v1,duplicate,medium,synthetic annotation
vue/profile-card-v28,react/profile-card-v2,duplicate,medium,synthetic annotation
vue/profile-card-v28,react/profile-card-v3,duplicate,medium,synthetic annotation
vue/profile-card-v28,react/profile-card-v4,duplicate,medium,synthetic annotation
vue/profile-card-v28,react/profile-card-v5,duplicate,medium,synthetic annotation
vue/profile-card-v28,react/profile-card-v6,duplicate,medium,synthetic annotation
vue/profile-card-v28,vue/search-input-v4,different,medium,synthetic annotation
vue/profile-card-v29,angular/button-primary-v36,different,medium,synthetic annotation
vue/profile-card-v29,angular/table-report-v12,different,medium,synthetic annotation
vue/profile-card-v29,react/profile-card-v1,duplicate,medium,synthetic annotation
vue/profile-card-v29,react/profile-card-v2,duplicate,medium,synthetic annotation
vue/profile-card-v29,react/profile-card-v3,duplicate,medium,synthetic annotation
vue/profile-card-v29,react/profile-card-v4,duplicate,medium,synthetic annotation
vue/profile-card-v29,react/profile-card-v5,duplicate,medium,synthetic annotation
vue/profile-card-v29,react/profile-card-v6,duplicate,medium,synthetic annotation
vue/profile-card-v29,vue/search-input-v7,different,medium,synthetic annotation
vue/profile-card-v29,vue/table-report-v18,different,medium,synthetic annotation
vue/profile-card-v3,react/modal-login-v36,different,medium,synthetic annotation
vue/profile-card-v3,react/profile-card-v1,duplicate,medium,synthetic annotation
vue/profile-card-v3,react/profile-card-v2,duplicate,medium,synthetic annotation
vue/profile-card-v3,react/profile-card-v3,duplicate,medium,synthetic annotation
vue/profile-card-v3,react/profile-card-v4,duplicate,medium,synthetic annotation
vue/profile-card-v3,react/profile-card-v5,duplicate,medium,synthetic annotation
vue/profile-card-v3,react/profile-card-v6,duplicate,medium,synthetic annotation
vue/profile-card-v3,vue/search-input-v33,different,medium,synthetic annotation
vue/profile-card-v30,react/profile-card-v1,duplicate,medium,synthetic annotation
vue/profile-card-v30,react/profile-card-v2,duplicate,medium,synthetic annotation
vue/profile-card-v30,react/profile-card-v3,duplicate,medium,synthetic annotation
vue/profile-card-v30,react/profile-card-v4,duplicate,medium,synthetic annotation
vue/profile-card-v30,react/profile-card-v5,duplicate,medium,synthetic annotation
vue/profile-card-v30,react/profile-card-v6,duplicate,medium,synthetic annotation
vue/profile-card-v30,vue/modal-login-v31,different,medium,synthetic annotation
vue/profile-card-v30,vue/table-report-v4,different,medium,synthetic annotation
vue/profile-card-v31,angular/modal-login-v20,different,medium,synthetic annotation
vue/profile-card-v31,angular/modal-login-v31,duplicate,medium,synthetic annotation
vue/profile-card-v31,angular/search-input-v10,different,medium,synthetic annotation
vue/profile-card-v31,angular/search-input-v13,different,medium,synthetic annotation
vue/profile-card-v31,react/profile-card-v1,duplicate,medium,synthetic annotation
vue/profile-card-v31,react/profile-card-v2,duplicate,medium,synthetic annotation
vue/profile-card-v31,react/profile-card-v3,duplicate,medium,synthetic annotation
vue/profile-card-v31,react/profile-card-v4,duplicate,medium,synthetic annotation
vue/profile-card-v31,react/profile-card-v5,duplicate,medium,synthetic annotation
vue/profile-card-v31,react/profile-card-v6,different,medium,synthetic annotation
vue/profile-card-v32,angular/button-primary-v18,different,medium,synthetic annotation
vue/profile-card-v32,angular/table-report-v28,different,medium,synthetic annotation
vue/profile-card-v32,react/profile-card-v1,duplicate,medium,synthetic annotation
vue/profile-card-v32,react/profile-card-v2,duplicate,medium,synthetic annotation
vue/profile-card-v32,react/profile-card-v3,duplicate,medium,synthetic annotation
vue/profile-card-v32,react/profile-card-v4,duplicate,medium,synthetic annotation
vue/profile-card-v32,react/profile-card-v5,different,medium,synthetic annotation
vue/profile-card-v32,react/profile-card-v6,different,medium,synthetic annotation
vue/profile-card-v5,react/modal-login-v22,different,medium,synthetic annotation
vue/profile-card-v5,react/profile-card-v1,duplicate,medium,synthetic annotation
vue/profile-card-v5,react/profile-card-v2,different,medium,synthetic annotation
vue/profile-card-v5,react/profile-card-v3,duplicate,medium,synthetic annotation
vue/profile-card-v5,react/profile-card-v4,duplicate,medium,synthetic annotation
vue/profile-card-v5,react/profile-card-v5,duplicate,medium,synthetic annotation
vue/profile-card-v5,react/profile-card-v6,duplicate,medium,synthetic annotation
vue/profile-card-v5,vue/search-input-v15,different,medium,synthetic annotation
vue/profile-card-v7,angular/search-input-v26,different,medium,synthetic annotation
vue/profile-card-v7,react/button-primary-v6,different,medium,synthetic annotation
vue/profile-card-v7,react/profile-card-v1,duplicate,medium,synthetic annotation
vue/profile-card-v7,react/profile-card-v2,duplicate,medium,synthetic annotation
vue/profile-card-v7,react/profile-card-v3,duplicate,medium,synthetic annotation
vue/profile-card-v7,react/profile-card-v4,duplicate,medium,synthetic annotation
vue/profile-card-v7,react/profile-card-v5,duplicate,medium,synthetic annotation
vue/profile-card-v7,react/profile-card-v6,duplicate,medium,synthetic annotation
vue/search-input-v1,react/search-input-v1,duplicate,medium,synthetic annotation
vue/search-input-v1,react/search-input-v2,duplicate,medium,synthetic annotation
vue/search-input-v1,react/search-input-v3,duplicate,medium,synthetic annotation
vue/search-input-v1,react/search-input-v4,duplicate,medium,synthetic annotation
vue/search-input-v1,react/search-input-v5,duplicate,medium,synthetic annotation
vue/search-input-v1,react/search-input-v6,duplicate,medium,synthetic annotation
vue/search-input-v1,vue/profile-card-v10,different,medium,synthetic annotation
vue/search-input-v1,vue/table-report-v10,different,medium,synthetic annotation
vue/search-input-v15,angular/table-report-v22,different,medium,synthetic annotation
vue/search-input-v15,react/profile-card-v11,different,medium,synthetic annotation
vue/search-input-v15,react/search-input-v1,duplicate,medium,synthetic annotation
vue/search-input-v15,react/search-input-v2,duplicate,medium,synthetic annotation
vue/search-input-v15,react/search-input-v3,near_duplicate,medium,synthetic annotation
vue/search-input-v15,react/search-input-v4,duplicate,medium,synthetic annotation
vue/search-input-v15,react/search-input-v5,duplicate,medium,synthetic annotation
vue/search-input-v15,react/search-input-v6,duplicate,medium,synthetic annotation
vue/search-input-v2,angular/modal-login-v10,different,medium,synthetic annotation
vue/search-input-v2,angular/table-report-v6,different,medium,synthetic annotation
vue/search-input-v2,react/button-primary-v21,different,medium,synthetic annotation
vue/search-input-v2,react/search-input-v1,duplicate,medium,synthetic annotation
vue/search-input-v2,react/search-input-v2,duplicate,medium,synthetic annotation
vue/search-input-v2,react/search-input-v3,duplicate,medium,synthetic annotation
vue/search-input-v2,react/search-input-v4,duplicate,medium,synthetic annotation
vue/search-input-v2,react/search-input-v5,duplicate,medium,synthetic annotation
vue/search-input-v2,react/search-input-v6,duplicate,medium,synthetic annotation
vue/search-input-v2,react/table-report-v11,different,medium,synthetic annotation
vue/search-input-v22,react/search-input-v1,duplicate,medium,synthetic annotation
vue/search-input-v22,react/search-input-v2,duplicate,medium,synthetic annotation
vue/search-input-v22,react/search-input-v3,duplicate,medium,synthetic annotation
vue/search-input-v22,react/search-input-v4,duplicate,medium,synthetic annotation
vue/search-input-v22,react/search-input-v5,different,medium,synthetic annotation
vue/search-input-v22,react/search-input-v6,duplicate,medium,synthetic annotation
vue/search-input-v22,vue/modal-login-v5,different,medium,synthetic annotation
vue/search-input-v22,vue/table-report-v35,different,medium,synthetic annotation
vue/search-input-v23,react/modal-login-v17,different,medium,synthetic annotation
vue/search-input-v23,react/modal-login-v34,different,medium,synthetic annotation
vue/search-input-v23,react/search-input-v1,duplicate,medium,synthetic annotation
vue/search-input-v23,react/search-input-v2,duplicate,medium,synthetic annotation
vue/search-input-v23,react/search-input-v3,duplicate,medium,synthetic annotation
vue/search-input-v23,react/search-input-v4,duplicate,medium,synthetic annotation
vue/search-input-v23,react/search-input-v5,duplicate,medium,synthetic annotation
vue/search-input-v23,react/search-input-v6,duplicate,medium,synthetic annotation
vue/search-input-v23,react/table-report-v29,different,medium,synthetic annotation
vue/search-input-v23,vue/profile-card-v9,different,medium,synthetic annotation
vue/search-input-v25,react/modal-login-v35,different,medium,synthetic annotation
vue/search-input-v25,react/search-input-v1,duplicate,medium,synthetic annotation
vue/search-input-v25,react/search-input-v2,duplicate,medium,synthetic annotation
vue/search-input-v25,react/search-input-v3,duplicate,medium,synthetic annotation
vue/search-input-v25,react/search-input-v4,duplicate,medium,synthetic annotation
vue/search-input-v25,react/search-input-v5,duplicate,medium,synthetic annotation
vue/search-input-v25,react/search-input-v6,duplicate,medium,synthetic annotation
vue/search-input-v25,vue/button-primary-v28,different,medium,synthetic annotation
vue/search-input-v26,react/search-input-v1,duplicate,medium,synthetic annotation
vue/search-input-v26,react/search-input-v2,duplicate,medium,synthetic annotation
vue/search-input-v26,react/search-input-v3,duplicate,medium,synthetic annotation
vue/search-input-v26,react/search-input-v4,duplicate,medium,synthetic annotation
vue/search-input-v26,react/search-input-v5,duplicate,medium,synthetic annotation
vue/search-input-v26,react/search-input-v6,duplicate,medium,synthetic annotation
vue/search-input-v26,vue/modal-login-v24,near_duplicate,medium,synthetic annotation
vue/search-input-v26,vue/profile-card-v12,different,medium,synthetic annotation
vue/search-input-v27,react/profile-card-v27,different,medium,synthetic annotation
vue/search-input-v27,react/search-input-v1,duplicate,medium,synthetic annotation
vue/search-input-v27,react/search-input-v2,duplicate,medium,synthetic annotation
vue/search-input-v27,react/search-input-v3,duplicate,medium,synthetic annotation
vue/search-input-v27,react/search-input-v4,duplicate,medium,synthetic annotation
vue/search-input-v27,react/search-input-v5,duplicate,medium,synthetic annotation
vue/search-input-v27,react/search-input-v6,duplicate,medium,synthetic annotation
vue/search-input-v27,vue/button-primary-v14,different,medium,synthetic annotation
vue/search-input-v29,angular/table-report-v24,different,medium,synthetic annotation
vue/search-input-v29,react/profile-card-v20,different,medium,synthetic annotation
vue/search-input-v29,react/search-input-v1,duplicate,medium,synthetic annotation
vue/search-input-v29,react/search-input-v2,duplicate,medium,synthetic annotation
vue/search-input-v29,react/search-input-v3,duplicate,medium,synthetic annotation
vue/search-input-v29,react/search-input-v4,duplicate,medium,synthetic annotation
vue/search-input-v29,react/search-input-v5,duplicate,medium,synthetic annotation
vue/search-input-v29,react/search-input-v6,duplicate,medium,synthetic annotation
vue/search-input-v29,vue/modal-login-v18,different,medium,synthetic annotation
vue/search-input-v29,vue/table-report-v5,near_duplicate,medium,synthetic annotation
vue/search-input-v30,react/button-primary-v11,different,medium,synthetic annotation
vue/search-input-v30,react/search-input-v1,duplicate,medium,synthetic annotation
vue/search-input-v30,react/search-input-v2,duplicate,medium,synthetic annotation
vue/search-input-v30,react/search-input-v3,duplicate,medium,synthetic annotation
vue/search-input-v30,react/search-input-v4,duplicate,medium,synthetic annotation
vue/search-input-v30,react/search-input-v5,duplicate,medium,synthetic annotation
vue/search-input-v30,react/search-input-v6,duplicate,medium,synthetic annotation
vue/search-input-v30,vue/modal-login-v36,near_duplicate,medium,synthetic annotation
vue/search-input-v31,react/profile-card-v30,different,medium,synthetic annotation
vue/search-input-v31,react/search-input-v1,duplicate,medium,synthetic annotation
vue/search-input-v31,react/search-input-v2,duplicate,medium,synthetic annotation
vue/search-input-v31,react/search-input-v3,duplicate,medium,synthetic annotation
vue/search-input-v31,react/search-input-v4,duplicate,medium,synthetic annotation
vue/search-input-v31,react/search-input-v5,duplicate,medium,synthetic annotation
vue/search-input-v31,react/search-input-v6,duplicate,medium,synthetic annotation
vue/search-input-v31,vue/table-report-v30,different,medium,synthetic annotation
vue/search-input-v32,angular/modal-login-v17,different,medium,synthetic annotation
vue/search-input-v32,react/profile-card-v3,different,medium,synthetic annotation
vue/search-input-v32,react/search-input-v1,duplicate,medium,synthetic annotation
vue/search-input-v32,react/search-input-v2,duplicate,medium,synthetic annotation
vue/search-input-v32,react/search-input-v3,duplicate,medium,synthetic annotation
vue/search-input-v32,react/search-input-v4,duplicate,medium,synthetic annotation
vue/search-input-v32,react/search-input-v5,duplicate,medium,synthetic annotation
vue/search-input-v32,react/search-input-v6,duplicate,medium,synthetic annotation
vue/table-report-v13,angular/search-input-v32,different,medium,synthetic annotation
vue/table-report-v13,react/search-input-v17,different,medium,synthetic annotation
vue/table-report-v13,react/table-report-v1,duplicate,medium,synthetic annotation
vue/table-report-v13,react/table-report-v2,duplicate,medium,synthetic annotation
vue/table-report-v13,react/table-report-v3,duplicate,medium,synthetic annotation
vue/table-report-v13,react/table-report-v4,duplicate,medium,synthetic annotation
vue/table-report-v13,react/table-report-v5,duplicate,medium,synthetic annotation
vue/table-report-v13,react/table-report-v6,duplicate,medium,synthetic annotation
vue/table-report-v13,vue/button-primary-v16,different,medium,synthetic annotation
vue/table-report-v13,vue/button-primary-v35,different,medium,synthetic annotation
vue/table-report-v15,angular/profile-card-v19,different,medium,synthetic annotation
vue/table-report-v15,react/table-report-v1,duplicate,medium,synthetic annotation
vue/table-report-v15,react/table-report-v2,duplicate,medium,synthetic annotation
vue/table-report-v15,react/table-report-v3,duplicate,medium,synthetic annotation
vue/table-report-v15,react/table-report-v4,duplicate,medium,synthetic annotation
vue/table-report-v15,react/table-report-v5,duplicate,medium,synthetic annotation
vue/table-report-v15,react/table-report-v6,duplicate,medium,synthetic annotation
vue/table-report-v15,vue/search-input-v14,different,medium,synthetic annotation
vue/table-report-v17,angular/button-primary-v22,different,medium,synthetic annotation
vue/table-report-v17,angular/modal-login-v25,different,medium,synthetic annotation
vue/table-report-v17,react/table-report-v1,duplicate,medium,synthetic annotation
vue/table-report-v17,react/table-report-v2,duplicate,medium,synthetic annotation
vue/table-report-v17,react/table-report-v3,duplicate,medium,synthetic annotation
vue/table-report-v17,react/table-report-v4,duplicate,medium,synthetic annotation
vue/table-report-v17,react/table-report-v5,duplicate,medium,synthetic annotation
vue/table-report-v17,react/table-report-v6,duplicate,medium,synthetic annotation
vue/table-report-v17,vue/button-primary-v3,different,medium,synthetic annotation
vue/table-report-v17,vue/modal-login-v13,different,medium,synthetic annotation
vue/table-report-v18,angular/button-primary-v36,different,medium,synthetic annotation
vue/table-report-v18,angular/modal-login-v26,different,medium,synthetic annotation
vue/table-report-v18,angular/profile-card-v3,different,medium,synthetic annotation
vue/table-report-v18,react/table-report-v1,duplicate,medium,synthetic annotation
vue/table-report-v18,react/table-report-v2,duplicate,medium,synthetic annotation
vue/table-report-v18,react/table-report-v3,duplicate,medium,synthetic annotation
vue/table-report-v18,react/table-report-v4,duplicate,medium,synthetic annotation
vue/table-report-v18,react/table-report-v5,duplicate,medium,synthetic annotation
vue/table-report-v18,react/table-report-v6,duplicate,medium,synthetic annotation
vue/table-report-v18,vue/button-primary-v11,different,medium,synthetic annotation
vue/table-report-v2,angular/button-primary-v23,different,medium,synthetic annotation
vue/table-report-v2,react/modal-login-v5,different,medium,synthetic annotation
vue/table-report-v2,react/table-report-v1,duplicate,medium,synthetic annotation
vue/table-report-v2,react/table-report-v2,duplicate,medium,synthetic annotation
vue/table-report-v2,react/table-report-v3,duplicate,medium,synthetic annotation
vue/table-report-v2,react/table-report-v4,duplicate,medium,synthetic annotation
vue/table-report-v2,react/table-report-v5,duplicate,medium,synthetic annotation
vue/table-report-v2,react/table-report-v6,duplicate,medium,synthetic annotation
vue/table-report-v22,angular/button-primary-v11,different,medium,synthetic annotation
vue/table-report-v22,react/table-report-v1,duplicate,medium,synthetic annotation
vue/table-report-v22,react/table-report-v2,duplicate,medium,synthetic annotation
vue/table-report-v22,react/table-report-v3,duplicate,medium,synthetic annotation
vue/table-report-v22,react/table-report-v4,duplicate,medium,synthetic annotation
vue/table-report-v22,react/table-report-v5,duplicate,medium,synthetic annotation
vue/table-report-v22,react/table-report-v6,duplicate,medium,synthetic annotation
vue/table-report-v22,vue/modal-login-v8,different,medium,synthetic annotation
vue/table-report-v24,angular/modal-login-v22,different,medium,synthetic annotation
vue/table-report-v24,angular/profile-card-v22,different,medium,synthetic annotation
vue/table-report-v24,react/table-report-v1,duplicate,medium,synthetic annotation
vue/table-report-v24,react/table-report-v2,duplicate,medium,synthetic annotation
vue/table-report-v24,react/table-report-v3,duplicate,medium,synthetic annotation
vue/table-report-v24,react/table-report-v4,duplicate,medium,synthetic annotation
vue/table-report-v24,react/table-report-v5,duplicate,medium,synthetic annotation
vue/table-report-v24,react/table-report-v6,duplicate,medium,synthetic annotation
vue/table-report-v27,angular/modal-login-v20,different,medium,synthetic annotation
vue/table-report-v27,react/table-report-v1,duplicate,medium,synthetic annotation
vue/table-report-v27,react/table-report-v2,duplicate,medium,synthetic annotation
vue/table-report-v27,react/table-report-v3,duplicate,medium,synthetic annotation
vue/table-report-v27,react/table-report-v4,duplicate,medium,synthetic annotation
vue/table-report-v27,react/table-report-v5,duplicate,medium,synthetic annotation
vue/table-report-v27,react/table-report-v6,duplicate,medium,synthetic annotation
vue/table-report-v27,vue/profile-card-v33,different,medium,synthetic annotation
vue/table-report-v28,react/search-input-v9,different,medium,synthetic annotation
vue/table-report-v28,react/table-report-v1,duplicate,medium,synthetic annotation
vue/table-report-v28,react/table-report-v2,duplicate,medium,synthetic annotation
vue/table-report-v28,react/table-report-v3,duplicate,medium,synthetic annotation
vue/table-report-v28,react/table-report-v4,duplicate,medium,synthetic annotation
vue/table-report-v28,react/table-report-v5,duplicate,medium,synthetic annotation
vue/table-report-v28,react/table-report-v6,duplicate,medium,synthetic annotation
vue/table-report-v28,vue/modal-login-v2,different,medium,synthetic annotation
vue/table-report-v28,vue/modal-login-v21,different,medium,synthetic annotation
vue/table-report-v28,vue/search-input-v16,different,medium,synthetic annotation
vue/table-report-v3,react/modal-login-v33,different,medium,synthetic annotation
vue/table-report-v3,react/table-report-v1,duplicate,medium,synthetic annotation
vue/table-report-v3,react/table-report-v2,near_duplicate,medium,synthetic annotation
vue/table-report-v3,react/table-report-v3,duplicate,medium,synthetic annotation
vue/table-report-v3,react/table-report-v4,duplicate,medium,synthetic annotation
vue/table-report-v3,react/table-report-v5,duplicate,medium,synthetic annotation
vue/table-report-v3,react/table-report-v6,duplicate,medium,synthetic annotation
vue/table-report-v3,vue/button-primary-v32,different,medium,synthetic annotation
vue/table-report-v34,react/profile-card-v8,different,medium,synthetic annotation
vue/table-report-v34,react/table-report-v1,duplicate,medium,synthetic annotation
vue/table-report-v34,react/table-report-v2,duplicate,medium,synthetic annotation
vue/table-report-v34,react/table-report-v3,duplicate,medium,synthetic annotation
vue/table-report-v34,react/table-report-v4,duplicate,medium,synthetic annotation
vue/table-report-v34,react/table-report-v5,near_duplicate,medium,synthetic annotation
vue/table-report-v34,react/table-report-v6,duplicate,medium,synthetic annotation
vue/table-report-v34,vue/search-input-v34,different,medium,synthetic annotation
vue/table-report-v36,angular/profile-card-v32,different,medium,synthetic annotation
vue/table-report-v36,angular/search-input-v27,different,medium,synthetic annotation
vue/table-report-v36,react/table-report-v1,duplicate,medium,synthetic annotation
vue/table-report-v36,react/table-report-v2,duplicate,medium,synthetic annotation
vue/table-report-v36,react/table-report-v3,duplicate,medium,synthetic annotation
vue/table-report-v36,react/table-report-v4,duplicate,medium,synthetic annotation
vue/table-report-v36,react/table-report-v5,duplicate,medium,synthetic annotation
vue/table-report-v36,react/table-report-v6,duplicate,medium,synthetic annotation
vue/table-report-v5,angular/modal-login-v35,different,medium,synthetic annotation
vue/table-report-v5,angular/modal-login-v9,different,medium,synthetic annotation
vue/table-report-v5,angular/profile-card-v3,different,medium,synthetic annotation
vue/table-report-v5,angular/search-input-v5,different,medium,synthetic annotation
vue/table-report-v5,react/button-primary-v18,different,medium,synthetic annotation
vue/table-report-v5,react/button-primary-v22,different,medium,synthetic annotation
vue/table-report-v5,react/table-report-v1,duplicate,medium,synthetic annotation
vue/table-report-v5,react/table-report-v2,duplicate,medium,synthetic annotation
vue/table-report-v5,react/table-report-v3,duplicate,medium,synthetic annotation
vue/table-report-v5,react/table-report-v4,duplicate,medium,synthetic annotation
vue/table-report-v5,react/table-report-v5,duplicate,medium,synthetic annotation
vue/table-report-v5,react/table-report-v6,duplicate,medium,synthetic annotation
vue/table-report-v6,react/button-primary-v27,different,medium,synthetic annotation
vue/table-report-v6,react/table-report-v1,duplicate,medium,synthetic annotation
vue/table-report-v6,react/table-report-v2,duplicate,medium,synthetic annotation
vue/table-report-v6,react/table-report-v3,duplicate,medium,synthetic annotation
vue/table-report-v6,react/table-report-v4,duplicate,medium,synthetic annotation
vue/table-report-v6,react/table-report-v5,duplicate,medium,synthetic annotation
vue/table-report-v6,react/table-report-v6,duplicate,medium,synthetic annotation
vue/table-report-v6,vue/button-primary-v28,different,medium,synthetic annotation
vue/table-report-v6,vue/profile-card-v9,different,medium,synthetic annotation
vue/table-report-v6,vue/search-input-v12,duplicate,medium,synthetic annotation
vue/table-report-v7,angular/profile-card-v21,different,medium,synthetic annotation
vue/table-report-v7,react/profile-card-v6,different,medium,synthetic annotation
vue/table-report-v7,react/search-input-v19,different,medium,synthetic annotation
vue/table-report-v7,react/table-report-v1,duplicate,medium,synthetic annotation
vue/table-report-v7,react/table-report-v2,duplicate,medium,synthetic annotation
vue/table-report-v7,react/table-report-v3,duplicate,medium,synthetic annotation
vue/table-report-v7,react/table-report-v4,duplicate,medium,synthetic annotation
vue/table-report-v7,react/table-report-v5,duplicate,medium,synthetic annotation
vue/table-report-v7,react/table-report-v6,duplicate,medium,synthetic annotation
vue/table-report-v7,vue/search-input-v22,different,medium,synthetic annotation
vue/table-report-v8,angular/profile-card-v11,different,medium,synthetic annotation
vue/table-report-v8,react/button-primary-v29,different,medium,synthetic annotation
vue/table-report-v8,react/table-report-v1,duplicate,medium,synthetic annotation
vue/table-report-v8,react/table-report-v2,duplicate,medium,synthetic annotation
vue/table-report-v8,react/table-report-v3,duplicate,medium,synthetic annotation
vue/table-report-v8,react/table-report-v4,duplicate,medium,synthetic annotation
vue/table-report-v8,react/table-report-v5,duplicate,medium,synthetic annotation
vue/table-report-v8,react/table-report-v6,duplicate,medium,synthetic annotation
