query_id,candidate_id,suggested_label,suggested_confidence,suggested_score,label,confidence,notes
vue/button-primary-v24,react/button-primary-v1,duplicate,high,0.864657,,,
vue/button-primary-v24,react/button-primary-v2,duplicate,high,0.890701,,,
vue/button-primary-v24,react/button-primary-v3,duplicate,high,0.870701,,,
vue/button-primary-v24,react/button-primary-v4,duplicate,high,0.911228,,,
vue/button-primary-v24,react/button-primary-v5,duplicate,high,0.905000,,,
vue/button-primary-v24,react/button-primary-v6,duplicate,high,0.911228,,,
react/button-primary-v5,angular/button-primary-v1,near_duplicate,medium,0.781786,,,
react/button-primary-v5,angular/button-primary-v2,duplicate,high,0.843638,,,
react/button-primary-v5,angular/button-primary-v3,duplicate,high,0.869286,,,
react/button-primary-v5,angular/button-primary-v4,duplicate,high,0.869286,,,
react/button-primary-v5,angular/button-primary-v5,duplicate,high,0.843638,,,
react/button-primary-v5,angular/button-primary-v6,near_duplicate,medium,0.772686,,,
vue/button-primary-v8,react/button-primary-v1,duplicate,high,0.877155,,,
vue/button-primary-v8,react/button-primary-v2,duplicate,high,0.845000,,,
vue/button-primary-v8,react/button-primary-v3,duplicate,high,0.825000,,,
vue/button-primary-v8,react/button-primary-v4,duplicate,high,0.904473,,,
vue/button-primary-v8,react/button-primary-v5,duplicate,high,0.870701,,,
vue/button-primary-v8,react/button-primary-v6,duplicate,high,0.904473,,,
vue/button-primary-v12,react/button-primary-v1,duplicate,high,0.897681,,,
vue/button-primary-v12,react/button-primary-v2,duplicate,high,0.904473,,,
vue/button-primary-v12,react/button-primary-v3,duplicate,high,0.884473,,,
vue/button-primary-v12,react/button-primary-v4,duplicate,high,0.925000,,,
vue/button-primary-v12,react/button-primary-v5,duplicate,high,0.891228,,,
vue/button-primary-v12,react/button-primary-v6,duplicate,high,0.925000,,,
react/button-primary-v7,angular/button-primary-v1,near_duplicate,medium,0.786019,,,
react/button-primary-v7,angular/button-primary-v2,duplicate,high,0.880000,,,
react/button-primary-v7,angular/button-primary-v3,duplicate,high,0.873519,,,
react/button-primary-v7,angular/button-primary-v4,duplicate,high,0.843638,,,
react/button-primary-v7,angular/button-primary-v5,duplicate,high,0.905000,,,
react/button-primary-v7,angular/button-primary-v6,near_duplicate,medium,0.754167,,,
vue/button-primary-v27,react/button-primary-v1,duplicate,high,0.884348,,,
vue/button-primary-v27,react/button-primary-v2,duplicate,high,0.884473,,,
vue/button-primary-v27,react/button-primary-v3,duplicate,high,0.871140,,,
vue/button-primary-v27,react/button-primary-v4,duplicate,high,0.905000,,,
vue/button-primary-v27,react/button-primary-v5,duplicate,high,0.877894,,,
vue/button-primary-v27,react/button-primary-v6,duplicate,high,0.905000,,,
vue/button-primary-v20,react/button-primary-v1,duplicate,high,0.864657,,,
vue/button-primary-v20,react/button-primary-v2,duplicate,high,0.890701,,,
vue/button-primary-v20,react/button-primary-v3,duplicate,high,0.870701,,,
vue/button-primary-v20,react/button-primary-v4,duplicate,high,0.911228,,,
vue/button-primary-v20,react/button-primary-v5,duplicate,high,0.905000,,,
vue/button-primary-v20,react/button-primary-v6,duplicate,high,0.911228,,,
vue/button-primary-v13,react/button-primary-v1,duplicate,high,0.896191,,,
vue/button-primary-v13,react/button-primary-v2,duplicate,high,0.891644,,,
vue/button-primary-v13,react/button-primary-v3,duplicate,high,0.871644,,,
vue/button-primary-v13,react/button-primary-v4,duplicate,high,0.912171,,,
vue/button-primary-v13,react/button-primary-v5,duplicate,high,0.864165,,,
vue/button-primary-v13,react/button-primary-v6,duplicate,high,0.912171,,,
vue/button-primary-v35,react/button-primary-v1,duplicate,high,0.844130,,,
vue/button-primary-v35,react/button-primary-v2,duplicate,high,0.831228,,,
vue/button-primary-v35,react/button-primary-v3,near_duplicate,medium,0.811228,,,
vue/button-primary-v35,react/button-primary-v4,duplicate,high,0.890701,,,
vue/button-primary-v35,react/button-primary-v5,duplicate,high,0.884473,,,
vue/button-primary-v35,react/button-primary-v6,duplicate,high,0.890701,,,
vue/button-primary-v18,react/button-primary-v1,near_duplicate,medium,0.782837,,,
vue/button-primary-v18,react/button-primary-v2,duplicate,high,0.823728,,,
vue/button-primary-v18,react/button-primary-v3,near_duplicate,medium,0.803728,,,
vue/button-primary-v18,react/button-primary-v4,near_duplicate,medium,0.803201,,,
vue/button-primary-v18,react/button-primary-v5,near_duplicate,medium,0.761259,,,
vue/button-primary-v18,react/button-primary-v6,near_duplicate,medium,0.803201,,,
react/button-primary-v18,angular/button-primary-v1,near_duplicate,medium,0.802837,,,
react/button-primary-v18,angular/button-primary-v2,duplicate,high,0.836191,,,
react/button-primary-v18,angular/button-primary-v3,duplicate,high,0.890337,,,
react/button-primary-v18,angular/button-primary-v4,duplicate,high,0.890337,,,
react/button-primary-v18,angular/button-primary-v5,duplicate,high,0.836191,,,
react/button-primary-v18,angular/button-primary-v6,near_duplicate,medium,0.706765,,,
react/button-primary-v26,angular/button-primary-v1,near_duplicate,medium,0.781786,,,
react/button-primary-v26,angular/button-primary-v2,duplicate,high,0.843638,,,
react/button-primary-v26,angular/button-primary-v3,duplicate,high,0.905000,,,
react/button-primary-v26,angular/button-primary-v4,duplicate,high,0.869286,,,
react/button-primary-v26,angular/button-primary-v5,duplicate,high,0.873519,,,
react/button-primary-v26,angular/button-primary-v6,near_duplicate,medium,0.742805,,,
angular/button-primary-v23,react/button-primary-v1,near_duplicate,medium,0.795358,,,
angular/button-primary-v23,react/button-primary-v2,near_duplicate,medium,0.784144,,,
angular/button-primary-v23,react/button-primary-v3,near_duplicate,medium,0.770811,,,
angular/button-primary-v23,react/button-primary-v4,near_duplicate,medium,0.804671,,,
angular/button-primary-v23,react/button-primary-v5,near_duplicate,medium,0.763332,,,
angular/button-primary-v23,react/button-primary-v6,near_duplicate,medium,0.804671,,,
vue/button-primary-v25,react/button-primary-v1,duplicate,high,0.897681,,,
vue/button-primary-v25,react/button-primary-v2,duplicate,high,0.904473,,,
vue/button-primary-v25,react/button-primary-v3,duplicate,high,0.884473,,,
vue/button-primary-v25,react/button-primary-v4,duplicate,high,0.925000,,,
vue/button-primary-v25,react/button-primary-v5,duplicate,high,0.891228,,,
vue/button-primary-v25,react/button-primary-v6,duplicate,high,0.925000,,,
vue/button-primary-v15,react/button-primary-v1,duplicate,high,0.890864,,,
vue/button-primary-v15,react/button-primary-v2,duplicate,high,0.890701,,,
vue/button-primary-v15,react/button-primary-v3,duplicate,high,0.870701,,,
vue/button-primary-v15,react/button-primary-v4,duplicate,high,0.911228,,,
vue/button-primary-v15,react/button-primary-v5,duplicate,high,0.869286,,,
vue/button-primary-v15,react/button-primary-v6,duplicate,high,0.911228,,,
vue/button-primary-v4,react/button-primary-v1,near_duplicate,medium,0.789655,,,
vue/button-primary-v4,react/button-primary-v2,duplicate,high,0.837500,,,
vue/button-primary-v4,react/button-primary-v3,near_duplicate,medium,0.817500,,,
vue/button-primary-v4,react/button-primary-v4,near_duplicate,medium,0.816973,,,
vue/button-primary-v4,react/button-primary-v5,near_duplicate,medium,0.783201,,,
vue/button-primary-v4,react/button-primary-v6,near_duplicate,medium,0.816973,,,
vue/button-primary-v23,react/button-primary-v1,duplicate,high,0.875664,,,
vue/button-primary-v23,react/button-primary-v2,duplicate,high,0.832171,,,
vue/button-primary-v23,react/button-primary-v3,near_duplicate,medium,0.812171,,,
vue/button-primary-v23,react/button-primary-v4,duplicate,high,0.891644,,,
vue/button-primary-v23,react/button-primary-v5,duplicate,high,0.843638,,,
vue/button-primary-v23,react/button-primary-v6,duplicate,high,0.891644,,,
vue/button-primary-v3,react/button-primary-v1,duplicate,high,0.897681,,,
vue/button-primary-v3,react/button-primary-v2,duplicate,high,0.904473,,,
vue/button-primary-v3,react/button-primary-v3,duplicate,high,0.884473,,,
vue/button-primary-v3,react/button-primary-v4,duplicate,high,0.925000,,,
vue/button-primary-v3,react/button-primary-v5,duplicate,high,0.891228,,,
vue/button-primary-v3,react/button-primary-v6,duplicate,high,0.925000,,,
vue/button-primary-v17,react/button-primary-v1,duplicate,high,0.870337,,,
vue/button-primary-v17,react/button-primary-v2,duplicate,high,0.911228,,,
vue/button-primary-v17,react/button-primary-v3,duplicate,high,0.891228,,,
vue/button-primary-v17,react/button-primary-v4,duplicate,high,0.890701,,,
vue/button-primary-v17,react/button-primary-v5,duplicate,high,0.848759,,,
vue/button-primary-v17,react/button-primary-v6,duplicate,high,0.890701,,,
react/button-primary-v14,angular/button-primary-v1,duplicate,high,0.884165,,,
react/button-primary-v14,angular/button-primary-v2,near_duplicate,medium,0.791973,,,
react/button-primary-v14,angular/button-primary-v3,near_duplicate,medium,0.796665,,,
react/button-primary-v14,angular/button-primary-v4,duplicate,high,0.826546,,,
react/button-primary-v14,angular/button-primary-v5,near_duplicate,medium,0.766973,,,
react/button-primary-v14,angular/button-primary-v6,duplicate,high,0.884473,,,
angular/button-primary-v6,react/button-primary-v1,near_duplicate,medium,0.752904,,,
angular/button-primary-v6,react/button-primary-v2,near_duplicate,medium,0.804671,,,
angular/button-primary-v6,react/button-primary-v3,near_duplicate,medium,0.791337,,,
angular/button-primary-v6,react/button-primary-v4,near_duplicate,medium,0.784144,,,
angular/button-primary-v6,react/button-primary-v5,near_duplicate,medium,0.772686,,,
angular/button-primary-v6,react/button-primary-v6,near_duplicate,medium,0.784144,,,
vue/button-primary-v26,react/button-primary-v1,duplicate,high,0.897681,,,
vue/button-primary-v26,react/button-primary-v2,duplicate,high,0.904473,,,
vue/button-primary-v26,react/button-primary-v3,duplicate,high,0.884473,,,
vue/button-primary-v26,react/button-primary-v4,duplicate,high,0.925000,,,
vue/button-primary-v26,react/button-primary-v5,duplicate,high,0.891228,,,
vue/button-primary-v26,react/button-primary-v6,duplicate,high,0.925000,,,
angular/button-primary-v2,react/button-primary-v1,duplicate,high,0.875664,,,
angular/button-primary-v2,react/button-primary-v2,duplicate,high,0.912171,,,
angular/button-primary-v2,react/button-primary-v3,duplicate,high,0.892171,,,
angular/button-primary-v2,react/button-primary-v4,duplicate,high,0.891644,,,
angular/button-primary-v2,react/button-primary-v5,duplicate,high,0.843638,,,
angular/button-primary-v2,react/button-primary-v6,duplicate,high,0.891644,,,
vue/button-primary-v6,react/button-primary-v1,duplicate,high,0.870337,,,
vue/button-primary-v6,react/button-primary-v2,duplicate,high,0.911228,,,
vue/button-primary-v6,react/button-primary-v3,duplicate,high,0.891228,,,
vue/button-primary-v6,react/button-primary-v4,duplicate,high,0.890701,,,
vue/button-primary-v6,react/button-primary-v5,duplicate,high,0.848759,,,
vue/button-primary-v6,react/button-primary-v6,duplicate,high,0.890701,,,
vue/button-primary-v20,react/button-primary-v1,duplicate,high,0.864657,,,
vue/button-primary-v20,react/button-primary-v2,duplicate,high,0.890701,,,
vue/button-primary-v20,react/button-primary-v3,duplicate,high,0.870701,,,
vue/button-primary-v20,react/button-primary-v4,duplicate,high,0.911228,,,
vue/button-primary-v20,react/button-primary-v5,duplicate,high,0.905000,,,
vue/button-primary-v20,react/button-primary-v6,duplicate,high,0.911228,,,
vue/button-primary-v20,react/button-primary-v1,duplicate,high,0.864657,,,
vue/button-primary-v20,react/button-primary-v2,duplicate,high,0.890701,,,
vue/button-primary-v20,react/button-primary-v3,duplicate,high,0.870701,,,
vue/button-primary-v20,react/button-primary-v4,duplicate,high,0.911228,,,
vue/button-primary-v20,react/button-primary-v5,duplicate,high,0.905000,,,
vue/button-primary-v20,react/button-primary-v6,duplicate,high,0.911228,,,
react/button-primary-v17,angular/button-primary-v1,near_duplicate,medium,0.816973,,,
react/button-primary-v17,angular/button-primary-v2,duplicate,high,0.834046,,,
react/button-primary-v17,angular/button-primary-v3,duplicate,high,0.868759,,,
react/button-primary-v17,angular/button-primary-v4,duplicate,high,0.868759,,,
react/button-primary-v17,angular/button-primary-v5,duplicate,high,0.834046,,,
react/button-primary-v17,angular/button-primary-v6,near_duplicate,medium,0.696665,,,
vue/button-primary-v10,react/button-primary-v1,duplicate,high,0.877155,,,
vue/button-primary-v10,react/button-primary-v2,duplicate,high,0.845000,,,
vue/button-primary-v10,react/button-primary-v3,duplicate,high,0.825000,,,
vue/button-primary-v10,react/button-primary-v4,duplicate,high,0.904473,,,
vue/button-primary-v10,react/button-primary-v5,duplicate,high,0.870701,,,
vue/button-primary-v10,react/button-primary-v6,duplicate,high,0.904473,,,
angular/button-primary-v10,react/button-primary-v1,duplicate,high,0.853738,,,
angular/button-primary-v10,react/button-primary-v2,duplicate,high,0.912171,,,
angular/button-primary-v10,react/button-primary-v3,duplicate,high,0.892171,,,
angular/button-primary-v10,react/button-primary-v4,duplicate,high,0.891644,,,
angular/button-primary-v10,react/button-primary-v5,duplicate,high,0.873519,,,
angular/button-primary-v10,react/button-primary-v6,duplicate,high,0.891644,,,
vue/button-primary-v19,react/button-primary-v1,duplicate,high,0.862331,,,
vue/button-primary-v19,react/button-primary-v2,near_duplicate,medium,0.812171,,,
vue/button-primary-v19,react/button-primary-v3,near_duplicate,medium,0.798837,,,
vue/button-primary-v19,react/button-primary-v4,duplicate,high,0.871644,,,
vue/button-primary-v19,react/button-primary-v5,duplicate,high,0.830305,,,
vue/button-primary-v19,react/button-primary-v6,duplicate,high,0.871644,,,
angular/button-primary-v33,react/button-primary-v1,duplicate,high,0.897681,,,
angular/button-primary-v33,react/button-primary-v2,duplicate,high,0.904473,,,
angular/button-primary-v33,react/button-primary-v3,duplicate,high,0.884473,,,
angular/button-primary-v33,react/button-primary-v4,duplicate,high,0.925000,,,
angular/button-primary-v33,react/button-primary-v5,duplicate,high,0.891228,,,
angular/button-primary-v33,react/button-primary-v6,duplicate,high,0.925000,,,
angular/button-primary-v31,react/button-primary-v1,duplicate,high,0.905000,,,
angular/button-primary-v31,react/button-primary-v2,duplicate,high,0.897155,,,
angular/button-primary-v31,react/button-primary-v3,duplicate,high,0.877155,,,
angular/button-primary-v31,react/button-primary-v4,duplicate,high,0.917681,,,
angular/button-primary-v31,react/button-primary-v5,duplicate,high,0.864657,,,
angular/button-primary-v31,react/button-primary-v6,duplicate,high,0.917681,,,
react/button-primary-v7,angular/button-primary-v1,near_duplicate,medium,0.786019,,,
react/button-primary-v7,angular/button-primary-v2,duplicate,high,0.880000,,,
react/button-primary-v7,angular/button-primary-v3,duplicate,high,0.873519,,,
react/button-primary-v7,angular/button-primary-v4,duplicate,high,0.843638,,,
react/button-primary-v7,angular/button-primary-v5,duplicate,high,0.905000,,,
react/button-primary-v7,angular/button-primary-v6,near_duplicate,medium,0.754167,,,
vue/button-primary-v29,react/button-primary-v1,duplicate,high,0.896191,,,
vue/button-primary-v29,react/button-primary-v2,duplicate,high,0.891644,,,
vue/button-primary-v29,react/button-primary-v3,duplicate,high,0.871644,,,
vue/button-primary-v29,react/button-primary-v4,duplicate,high,0.912171,,,
vue/button-primary-v29,react/button-primary-v5,duplicate,high,0.864165,,,
vue/button-primary-v29,react/button-primary-v6,duplicate,high,0.912171,,,
react/button-primary-v19,angular/button-primary-v1,near_duplicate,medium,0.782837,,,
react/button-primary-v19,angular/button-primary-v2,duplicate,high,0.896191,,,
react/button-primary-v19,angular/button-primary-v3,duplicate,high,0.870337,,,
react/button-primary-v19,angular/button-primary-v4,duplicate,high,0.870337,,,
react/button-primary-v19,angular/button-primary-v5,duplicate,high,0.896191,,,
react/button-primary-v19,angular/button-primary-v6,near_duplicate,medium,0.773431,,,
react/button-primary-v27,angular/button-primary-v1,near_duplicate,medium,0.806019,,,
react/button-primary-v27,angular/button-primary-v2,duplicate,high,0.820000,,,
react/button-primary-v27,angular/button-primary-v3,duplicate,high,0.893519,,,
react/button-primary-v27,angular/button-primary-v4,duplicate,high,0.863638,,,
react/button-primary-v27,angular/button-primary-v5,duplicate,high,0.845000,,,
react/button-primary-v27,angular/button-primary-v6,near_duplicate,medium,0.687500,,,
react/button-primary-v14,angular/button-primary-v1,duplicate,high,0.884165,,,
react/button-primary-v14,angular/button-primary-v2,near_duplicate,medium,0.791973,,,
react/button-primary-v14,angular/button-primary-v3,near_duplicate,medium,0.796665,,,
react/button-primary-v14,angular/button-primary-v4,duplicate,high,0.826546,,,
react/button-primary-v14,angular/button-primary-v5,near_duplicate,medium,0.766973,,,
react/button-primary-v14,angular/button-primary-v6,duplicate,high,0.884473,,,
angular/button-primary-v14,react/button-primary-v1,duplicate,high,0.877155,,,
angular/button-primary-v14,react/button-primary-v2,duplicate,high,0.925000,,,
angular/button-primary-v14,react/button-primary-v3,duplicate,high,0.905000,,,
angular/button-primary-v14,react/button-primary-v4,duplicate,high,0.904473,,,
angular/button-primary-v14,react/button-primary-v5,duplicate,high,0.870701,,,
angular/button-primary-v14,react/button-primary-v6,duplicate,high,0.904473,,,
vue/button-primary-v31,react/button-primary-v1,duplicate,high,0.884348,,,
vue/button-primary-v31,react/button-primary-v2,duplicate,high,0.884473,,,
vue/button-primary-v31,react/button-primary-v3,duplicate,high,0.871140,,,
vue/button-primary-v31,react/button-primary-v4,duplicate,high,0.905000,,,
vue/button-primary-v31,react/button-primary-v5,duplicate,high,0.877894,,,
vue/button-primary-v31,react/button-primary-v6,duplicate,high,0.905000,,,
angular/button-primary-v13,react/button-primary-v1,duplicate,high,0.870337,,,
angular/button-primary-v13,react/button-primary-v2,duplicate,high,0.911228,,,
angular/button-primary-v13,react/button-primary-v3,duplicate,high,0.891228,,,
angular/button-primary-v13,react/button-primary-v4,duplicate,high,0.890701,,,
angular/button-primary-v13,react/button-primary-v5,duplicate,high,0.848759,,,
angular/button-primary-v13,react/button-primary-v6,duplicate,high,0.890701,,,
angular/button-primary-v5,react/button-primary-v1,duplicate,high,0.875664,,,
angular/button-primary-v5,react/button-primary-v2,duplicate,high,0.912171,,,
angular/button-primary-v5,react/button-primary-v3,duplicate,high,0.892171,,,
angular/button-primary-v5,react/button-primary-v4,duplicate,high,0.891644,,,
angular/button-primary-v5,react/button-primary-v5,duplicate,high,0.843638,,,
angular/button-primary-v5,react/button-primary-v6,duplicate,high,0.891644,,,
react/button-primary-v26,angular/button-primary-v1,near_duplicate,medium,0.781786,,,
react/button-primary-v26,angular/button-primary-v2,duplicate,high,0.843638,,,
react/button-primary-v26,angular/button-primary-v3,duplicate,high,0.905000,,,
react/button-primary-v26,angular/button-primary-v4,duplicate,high,0.869286,,,
react/button-primary-v26,angular/button-primary-v5,duplicate,high,0.873519,,,
react/button-primary-v26,angular/button-primary-v6,near_duplicate,medium,0.742805,,,
vue/button-primary-v19,react/button-primary-v1,duplicate,high,0.862331,,,
vue/button-primary-v19,react/button-primary-v2,near_duplicate,medium,0.812171,,,
vue/button-primary-v19,react/button-primary-v3,near_duplicate,medium,0.798837,,,
vue/button-primary-v19,react/button-primary-v4,duplicate,high,0.871644,,,
vue/button-primary-v19,react/button-primary-v5,duplicate,high,0.830305,,,
vue/button-primary-v19,react/button-primary-v6,duplicate,high,0.871644,,,
vue/button-primary-v6,react/button-primary-v1,duplicate,high,0.870337,,,
vue/button-primary-v6,react/button-primary-v2,duplicate,high,0.911228,,,
vue/button-primary-v6,react/button-primary-v3,duplicate,high,0.891228,,,
vue/button-primary-v6,react/button-primary-v4,duplicate,high,0.890701,,,
vue/button-primary-v6,react/button-primary-v5,duplicate,high,0.848759,,,
vue/button-primary-v6,react/button-primary-v6,duplicate,high,0.890701,,,
angular/button-primary-v22,react/button-primary-v1,duplicate,high,0.870337,,,
angular/button-primary-v22,react/button-primary-v2,duplicate,high,0.911228,,,
angular/button-primary-v22,react/button-primary-v3,duplicate,high,0.891228,,,
angular/button-primary-v22,react/button-primary-v4,duplicate,high,0.890701,,,
angular/button-primary-v22,react/button-primary-v5,duplicate,high,0.848759,,,
angular/button-primary-v22,react/button-primary-v6,duplicate,high,0.890701,,,
react/button-primary-v23,angular/button-primary-v1,duplicate,high,0.826546,,,
react/button-primary-v23,angular/button-primary-v2,duplicate,high,0.904473,,,
react/button-primary-v23,angular/button-primary-v3,duplicate,high,0.884165,,,
react/button-primary-v23,angular/button-primary-v4,duplicate,high,0.914046,,,
react/button-primary-v23,angular/button-primary-v5,duplicate,high,0.879473,,,
react/button-primary-v23,angular/button-primary-v6,near_duplicate,medium,0.771973,,,
react/button-primary-v36,angular/button-primary-v1,duplicate,high,0.890864,,,
react/button-primary-v36,angular/button-primary-v2,near_duplicate,medium,0.788164,,,
react/button-primary-v36,angular/button-primary-v3,near_duplicate,medium,0.777157,,,
react/button-primary-v36,angular/button-primary-v4,near_duplicate,medium,0.803364,,,
react/button-primary-v36,angular/button-primary-v5,near_duplicate,medium,0.766238,,,
react/button-primary-v36,angular/button-primary-v6,duplicate,high,0.862331,,,
react/button-primary-v33,angular/button-primary-v1,near_duplicate,medium,0.776138,,,
react/button-primary-v33,angular/button-primary-v2,duplicate,high,0.900000,,,
react/button-primary-v33,angular/button-primary-v3,duplicate,high,0.893519,,,
react/button-primary-v33,angular/button-primary-v4,duplicate,high,0.893519,,,
react/button-primary-v33,angular/button-primary-v5,duplicate,high,0.900000,,,
react/button-primary-v33,angular/button-primary-v6,near_duplicate,medium,0.792500,,,
react/button-primary-v20,angular/button-primary-v1,duplicate,high,0.823364,,,
react/button-primary-v20,angular/button-primary-v2,duplicate,high,0.895664,,,
react/button-primary-v20,angular/button-primary-v3,duplicate,high,0.884657,,,
react/button-primary-v20,angular/button-primary-v4,duplicate,high,0.910864,,,
react/button-primary-v20,angular/button-primary-v5,duplicate,high,0.873738,,,
react/button-primary-v20,angular/button-primary-v6,near_duplicate,medium,0.788164,,,
react/button-primary-v7,angular/button-primary-v1,near_duplicate,medium,0.786019,,,
react/button-primary-v7,angular/button-primary-v2,duplicate,high,0.880000,,,
react/button-primary-v7,angular/button-primary-v3,duplicate,high,0.873519,,,
react/button-primary-v7,angular/button-primary-v4,duplicate,high,0.843638,,,
react/button-primary-v7,angular/button-primary-v5,duplicate,high,0.905000,,,
react/button-primary-v7,angular/button-primary-v6,near_duplicate,medium,0.754167,,,
angular/button-primary-v35,react/button-primary-v1,near_duplicate,medium,0.769504,,,
angular/button-primary-v35,react/button-primary-v2,near_duplicate,medium,0.803728,,,
angular/button-primary-v35,react/button-primary-v3,near_duplicate,medium,0.790394,,,
angular/button-primary-v35,react/button-primary-v4,near_duplicate,medium,0.783201,,,
angular/button-primary-v35,react/button-primary-v5,near_duplicate,medium,0.747926,,,
angular/button-primary-v35,react/button-primary-v6,near_duplicate,medium,0.783201,,,
angular/button-primary-v5,react/button-primary-v1,duplicate,high,0.875664,,,
angular/button-primary-v5,react/button-primary-v2,duplicate,high,0.912171,,,
angular/button-primary-v5,react/button-primary-v3,duplicate,high,0.892171,,,
angular/button-primary-v5,react/button-primary-v4,duplicate,high,0.891644,,,
angular/button-primary-v5,react/button-primary-v5,duplicate,high,0.843638,,,
angular/button-primary-v5,react/button-primary-v6,duplicate,high,0.891644,,,
vue/button-primary-v29,react/button-primary-v1,duplicate,high,0.896191,,,
vue/button-primary-v29,react/button-primary-v2,duplicate,high,0.891644,,,
vue/button-primary-v29,react/button-primary-v3,duplicate,high,0.871644,,,
vue/button-primary-v29,react/button-primary-v4,duplicate,high,0.912171,,,
vue/button-primary-v29,react/button-primary-v5,duplicate,high,0.864165,,,
vue/button-primary-v29,react/button-primary-v6,duplicate,high,0.912171,,,
angular/button-primary-v16,react/button-primary-v1,duplicate,high,0.896191,,,
angular/button-primary-v16,react/button-primary-v2,duplicate,high,0.891644,,,
angular/button-primary-v16,react/button-primary-v3,duplicate,high,0.871644,,,
angular/button-primary-v16,react/button-primary-v4,duplicate,high,0.912171,,,
angular/button-primary-v16,react/button-primary-v5,duplicate,high,0.864165,,,
angular/button-primary-v16,react/button-primary-v6,duplicate,high,0.912171,,,
vue/button-primary-v13,react/button-primary-v1,duplicate,high,0.896191,,,
vue/button-primary-v13,react/button-primary-v2,duplicate,high,0.891644,,,
vue/button-primary-v13,react/button-primary-v3,duplicate,high,0.871644,,,
vue/button-primary-v13,react/button-primary-v4,duplicate,high,0.912171,,,
vue/button-primary-v13,react/button-primary-v5,duplicate,high,0.864165,,,
vue/button-primary-v13,react/button-primary-v6,duplicate,high,0.912171,,,
react/button-primary-v28,angular/button-primary-v1,near_duplicate,medium,0.781786,,,
react/button-primary-v28,angular/button-primary-v2,duplicate,high,0.843638,,,
react/button-primary-v28,angular/button-primary-v3,duplicate,high,0.905000,,,
react/button-primary-v28,angular/button-primary-v4,duplicate,high,0.869286,,,
react/button-primary-v28,angular/button-primary-v5,duplicate,high,0.873519,,,
react/button-primary-v28,angular/button-primary-v6,near_duplicate,medium,0.742805,,,
vue/button-primary-v12,react/button-primary-v1,duplicate,high,0.897681,,,
vue/button-primary-v12,react/button-primary-v2,duplicate,high,0.904473,,,
vue/button-primary-v12,react/button-primary-v3,duplicate,high,0.884473,,,
vue/button-primary-v12,react/button-primary-v4,duplicate,high,0.925000,,,
vue/button-primary-v12,react/button-primary-v5,duplicate,high,0.891228,,,
vue/button-primary-v12,react/button-primary-v6,duplicate,high,0.925000,,,
angular/button-primary-v22,react/button-primary-v1,duplicate,high,0.870337,,,
angular/button-primary-v22,react/button-primary-v2,duplicate,high,0.911228,,,
angular/button-primary-v22,react/button-primary-v3,duplicate,high,0.891228,,,
angular/button-primary-v22,react/button-primary-v4,duplicate,high,0.890701,,,
angular/button-primary-v22,react/button-primary-v5,duplicate,high,0.848759,,,
angular/button-primary-v22,react/button-primary-v6,duplicate,high,0.890701,,,
react/button-primary-v32,angular/button-primary-v1,near_duplicate,medium,0.806019,,,
react/button-primary-v32,angular/button-primary-v2,duplicate,high,0.820000,,,
react/button-primary-v32,angular/button-primary-v3,duplicate,high,0.893519,,,
react/button-primary-v32,angular/button-primary-v4,duplicate,high,0.863638,,,
react/button-primary-v32,angular/button-primary-v5,duplicate,high,0.845000,,,
react/button-primary-v32,angular/button-primary-v6,near_duplicate,medium,0.687500,,,
vue/button-primary-v30,react/button-primary-v1,near_duplicate,medium,0.784936,,,
vue/button-primary-v30,react/button-primary-v2,near_duplicate,medium,0.789655,,,
vue/button-primary-v30,react/button-primary-v3,near_duplicate,medium,0.776321,,,
vue/button-primary-v30,react/button-primary-v4,near_duplicate,medium,0.810181,,,
vue/button-primary-v30,react/button-primary-v5,near_duplicate,medium,0.790031,,,
vue/button-primary-v30,react/button-primary-v6,near_duplicate,medium,0.810181,,,
vue/button-primary-v21,react/button-primary-v1,duplicate,high,0.890864,,,
vue/button-primary-v21,react/button-primary-v2,duplicate,high,0.890701,,,
vue/button-primary-v21,react/button-primary-v3,duplicate,high,0.870701,,,
vue/button-primary-v21,react/button-primary-v4,duplicate,high,0.911228,,,
vue/button-primary-v21,react/button-primary-v5,duplicate,high,0.869286,,,
vue/button-primary-v21,react/button-primary-v6,duplicate,high,0.911228,,,
vue/button-primary-v27,react/button-primary-v1,duplicate,high,0.884348,,,
vue/button-primary-v27,react/button-primary-v2,duplicate,high,0.884473,,,
vue/button-primary-v27,react/button-primary-v3,duplicate,high,0.871140,,,
vue/button-primary-v27,react/button-primary-v4,duplicate,high,0.905000,,,
vue/button-primary-v27,react/button-primary-v5,duplicate,high,0.877894,,,
vue/button-primary-v27,react/button-primary-v6,duplicate,high,0.905000,,,
angular/button-primary-v22,react/button-primary-v1,duplicate,high,0.870337,,,
angular/button-primary-v22,react/button-primary-v2,duplicate,high,0.911228,,,
angular/button-primary-v22,react/button-primary-v3,duplicate,high,0.891228,,,
angular/button-primary-v22,react/button-primary-v4,duplicate,high,0.890701,,,
angular/button-primary-v22,react/button-primary-v5,duplicate,high,0.848759,,,
angular/button-primary-v22,react/button-primary-v6,duplicate,high,0.890701,,,
react/button-primary-v25,angular/button-primary-v1,near_duplicate,medium,0.803201,,,
react/button-primary-v25,angular/button-primary-v2,duplicate,high,0.912171,,,
react/button-primary-v25,angular/button-primary-v3,duplicate,high,0.890701,,,
react/button-primary-v25,angular/button-primary-v4,duplicate,high,0.890701,,,
react/button-primary-v25,angular/button-primary-v5,duplicate,high,0.912171,,,
react/button-primary-v25,angular/button-primary-v6,near_duplicate,medium,0.804671,,,
react/button-primary-v22,angular/button-primary-v1,duplicate,high,0.823364,,,
react/button-primary-v22,angular/button-primary-v2,duplicate,high,0.895664,,,
react/button-primary-v22,angular/button-primary-v3,duplicate,high,0.910864,,,
react/button-primary-v22,angular/button-primary-v4,duplicate,high,0.910864,,,
react/button-primary-v22,angular/button-primary-v5,duplicate,high,0.895664,,,
react/button-primary-v22,angular/button-primary-v6,near_duplicate,medium,0.766238,,,
vue/button-primary-v14,react/button-primary-v1,duplicate,high,0.857004,,,
vue/button-primary-v14,react/button-primary-v2,near_duplicate,medium,0.811228,,,
vue/button-primary-v14,react/button-primary-v3,near_duplicate,medium,0.797894,,,
vue/button-primary-v14,react/button-primary-v4,duplicate,high,0.870701,,,
vue/button-primary-v14,react/button-primary-v5,duplicate,high,0.835426,,,
vue/button-primary-v14,react/button-primary-v6,duplicate,high,0.870701,,,
react/button-primary-v14,angular/button-primary-v1,duplicate,high,0.884165,,,
react/button-primary-v14,angular/button-primary-v2,near_duplicate,medium,0.791973,,,
react/button-primary-v14,angular/button-primary-v3,near_duplicate,medium,0.796665,,,
react/button-primary-v14,angular/button-primary-v4,duplicate,high,0.826546,,,
react/button-primary-v14,angular/button-primary-v5,near_duplicate,medium,0.766973,,,
react/button-primary-v14,angular/button-primary-v6,duplicate,high,0.884473,,,
vue/button-primary-v23,react/button-primary-v1,duplicate,high,0.875664,,,
vue/button-primary-v23,react/button-primary-v2,duplicate,high,0.832171,,,
vue/button-primary-v23,react/button-primary-v3,near_duplicate,medium,0.812171,,,
vue/button-primary-v23,react/button-primary-v4,duplicate,high,0.891644,,,
vue/button-primary-v23,react/button-primary-v5,duplicate,high,0.843638,,,
vue/button-primary-v23,react/button-primary-v6,duplicate,high,0.891644,,,
vue/button-primary-v24,react/button-primary-v1,duplicate,high,0.864657,,,
vue/button-primary-v24,react/button-primary-v2,duplicate,high,0.890701,,,
vue/button-primary-v24,react/button-primary-v3,duplicate,high,0.870701,,,
vue/button-primary-v24,react/button-primary-v4,duplicate,high,0.911228,,,
vue/button-primary-v24,react/button-primary-v5,duplicate,high,0.905000,,,
vue/button-primary-v24,react/button-primary-v6,duplicate,high,0.911228,,,
angular/button-primary-v7,react/button-primary-v1,duplicate,high,0.877155,,,
angular/button-primary-v7,react/button-primary-v2,duplicate,high,0.845000,,,
angular/button-primary-v7,react/button-primary-v3,duplicate,high,0.825000,,,
angular/button-primary-v7,react/button-primary-v4,duplicate,high,0.904473,,,
angular/button-primary-v7,react/button-primary-v5,duplicate,high,0.870701,,,
angular/button-primary-v7,react/button-primary-v6,duplicate,high,0.904473,,,
react/button-primary-v23,angular/button-primary-v1,duplicate,high,0.826546,,,
react/button-primary-v23,angular/button-primary-v2,duplicate,high,0.904473,,,
react/button-primary-v23,angular/button-primary-v3,duplicate,high,0.884165,,,
react/button-primary-v23,angular/button-primary-v4,duplicate,high,0.914046,,,
react/button-primary-v23,angular/button-primary-v5,duplicate,high,0.879473,,,
react/button-primary-v23,angular/button-primary-v6,near_duplicate,medium,0.771973,,,
vue/button-primary-v34,react/button-primary-v1,duplicate,high,0.897681,,,
vue/button-primary-v34,react/button-primary-v2,duplicate,high,0.904473,,,
vue/button-primary-v34,react/button-primary-v3,duplicate,high,0.884473,,,
vue/button-primary-v34,react/button-primary-v4,duplicate,high,0.925000,,,
vue/button-primary-v34,react/button-primary-v5,duplicate,high,0.891228,,,
vue/button-primary-v34,react/button-primary-v6,duplicate,high,0.925000,,,
angular/modal-login-v22,react/modal-login-v1,near_duplicate,medium,0.797183,,,
angular/modal-login-v22,react/modal-login-v2,duplicate,high,0.880130,,,
angular/modal-login-v22,react/modal-login-v3,duplicate,high,0.838659,,,
angular/modal-login-v22,react/modal-login-v4,duplicate,high,0.866485,,,
angular/modal-login-v22,react/modal-login-v5,near_duplicate,medium,0.811235,,,
angular/modal-login-v22,react/modal-login-v6,duplicate,high,0.824818,,,
angular/modal-login-v14,react/modal-login-v1,duplicate,high,0.919887,,,
angular/modal-login-v14,react/modal-login-v2,duplicate,high,0.861684,,,
angular/modal-login-v14,react/modal-login-v3,near_duplicate,medium,0.817558,,,
angular/modal-login-v14,react/modal-login-v4,duplicate,high,0.877226,,,
angular/modal-login-v14,react/modal-login-v5,duplicate,high,0.844718,,,
angular/modal-login-v14,react/modal-login-v6,duplicate,high,0.918893,,,
vue/modal-login-v21,react/modal-login-v1,duplicate,high,0.906761,,,
vue/modal-login-v21,react/modal-login-v2,duplicate,high,0.864411,,,
vue/modal-login-v21,react/modal-login-v3,duplicate,high,0.831852,,,
vue/modal-login-v21,react/modal-login-v4,duplicate,high,0.888480,,,
vue/modal-login-v21,react/modal-login-v5,duplicate,high,0.852181,,,
vue/modal-login-v21,react/modal-login-v6,duplicate,high,0.888480,,,
vue/modal-login-v18,react/modal-login-v1,duplicate,high,0.871569,,,
vue/modal-login-v18,react/modal-login-v2,duplicate,high,0.853552,,,
vue/modal-login-v18,react/modal-login-v3,near_duplicate,medium,0.808313,,,
vue/modal-login-v18,react/modal-login-v4,duplicate,high,0.907857,,,
vue/modal-login-v18,react/modal-login-v5,duplicate,high,0.831477,,,
vue/modal-login-v18,react/modal-login-v6,duplicate,high,0.866190,,,
angular/modal-login-v2,react/modal-login-v1,near_duplicate,medium,0.813824,,,
angular/modal-login-v2,react/modal-login-v2,duplicate,high,0.863188,,,
angular/modal-login-v2,react/modal-login-v3,duplicate,high,0.868696,,,
angular/modal-login-v2,react/modal-login-v4,near_duplicate,medium,0.809149,,,
angular/modal-login-v2,react/modal-login-v5,duplicate,high,0.832092,,,
angular/modal-login-v2,react/modal-login-v6,near_duplicate,medium,0.809149,,,
vue/modal-login-v26,react/modal-login-v1,duplicate,high,0.842687,,,
vue/modal-login-v26,react/modal-login-v2,duplicate,high,0.895317,,,
vue/modal-login-v26,react/modal-login-v3,duplicate,high,0.880194,,,
vue/modal-login-v26,react/modal-login-v4,duplicate,high,0.860480,,,
vue/modal-login-v26,react/modal-login-v5,duplicate,high,0.838871,,,
vue/modal-login-v26,react/modal-login-v6,duplicate,high,0.860480,,,
vue/modal-login-v13,react/modal-login-v1,duplicate,high,0.880373,,,
vue/modal-login-v13,react/modal-login-v2,duplicate,high,0.844275,,,
vue/modal-login-v13,react/modal-login-v3,duplicate,high,0.829524,,,
vue/modal-login-v13,react/modal-login-v4,duplicate,high,0.888225,,,
vue/modal-login-v13,react/modal-login-v5,duplicate,high,0.903300,,,
vue/modal-login-v13,react/modal-login-v6,duplicate,high,0.888225,,,
react/modal-login-v29,angular/modal-login-v1,duplicate,high,0.864475,,,
react/modal-login-v29,angular/modal-login-v2,duplicate,high,0.908137,,,
react/modal-login-v29,angular/modal-login-v3,duplicate,high,0.852457,,,
react/modal-login-v29,angular/modal-login-v4,near_duplicate,medium,0.793911,,,
react/modal-login-v29,angular/modal-login-v5,duplicate,high,0.840286,,,
react/modal-login-v29,angular/modal-login-v6,duplicate,high,0.859550,,,
vue/modal-login-v31,react/modal-login-v1,duplicate,high,0.871569,,,
vue/modal-login-v31,react/modal-login-v2,duplicate,high,0.853552,,,
vue/modal-login-v31,react/modal-login-v3,near_duplicate,medium,0.808313,,,
vue/modal-login-v31,react/modal-login-v4,duplicate,high,0.907857,,,
vue/modal-login-v31,react/modal-login-v5,duplicate,high,0.831477,,,
vue/modal-login-v31,react/modal-login-v6,duplicate,high,0.866190,,,
vue/modal-login-v15,react/modal-login-v1,duplicate,high,0.858317,,,
vue/modal-login-v15,react/modal-login-v2,duplicate,high,0.902964,,,
vue/modal-login-v15,react/modal-login-v3,duplicate,high,0.837089,,,
vue/modal-login-v15,react/modal-login-v4,duplicate,high,0.833091,,,
vue/modal-login-v15,react/modal-login-v5,near_duplicate,medium,0.753436,,,
vue/modal-login-v15,react/modal-login-v6,duplicate,high,0.833091,,,
react/modal-login-v19,angular/modal-login-v1,duplicate,high,0.918528,,,
react/modal-login-v19,angular/modal-login-v2,duplicate,high,0.849425,,,
react/modal-login-v19,angular/modal-login-v3,duplicate,high,0.830080,,,
react/modal-login-v19,angular/modal-login-v4,duplicate,high,0.848812,,,
react/modal-login-v19,angular/modal-login-v5,duplicate,high,0.883267,,,
react/modal-login-v19,angular/modal-login-v6,duplicate,high,0.916918,,,
vue/modal-login-v5,react/modal-login-v1,duplicate,high,0.831433,,,
vue/modal-login-v5,react/modal-login-v2,duplicate,high,0.889820,,,
vue/modal-login-v5,react/modal-login-v3,duplicate,high,0.878045,,,
vue/modal-login-v5,react/modal-login-v4,duplicate,high,0.847173,,,
vue/modal-login-v5,react/modal-login-v5,near_duplicate,medium,0.810873,,,
vue/modal-login-v5,react/modal-login-v6,near_duplicate,medium,0.813152,,,
angular/modal-login-v4,react/modal-login-v1,duplicate,high,0.858220,,,
angular/modal-login-v4,react/modal-login-v2,duplicate,high,0.841684,,,
angular/modal-login-v4,react/modal-login-v3,near_duplicate,medium,0.775798,,,
angular/modal-login-v4,react/modal-login-v4,duplicate,high,0.866068,,,
angular/modal-login-v4,react/modal-login-v5,near_duplicate,medium,0.793247,,,
angular/modal-login-v4,react/modal-login-v6,duplicate,high,0.824402,,,
angular/modal-login-v9,react/modal-login-v1,duplicate,high,0.835033,,,
angular/modal-login-v9,react/modal-login-v2,duplicate,high,0.876242,,,
angular/modal-login-v9,react/modal-login-v3,duplicate,high,0.899983,,,
angular/modal-login-v9,react/modal-login-v4,duplicate,high,0.834037,,,
angular/modal-login-v9,react/modal-login-v5,duplicate,high,0.847952,,,
angular/modal-login-v9,react/modal-login-v6,duplicate,high,0.834037,,,
react/modal-login-v19,angular/modal-login-v1,duplicate,high,0.918528,,,
react/modal-login-v19,angular/modal-login-v2,duplicate,high,0.849425,,,
react/modal-login-v19,angular/modal-login-v3,duplicate,high,0.830080,,,
react/modal-login-v19,angular/modal-login-v4,duplicate,high,0.848812,,,
react/modal-login-v19,angular/modal-login-v5,duplicate,high,0.883267,,,
react/modal-login-v19,angular/modal-login-v6,duplicate,high,0.916918,,,
vue/modal-login-v35,react/modal-login-v1,duplicate,high,0.904969,,,
vue/modal-login-v35,react/modal-login-v2,duplicate,high,0.859760,,,
vue/modal-login-v35,react/modal-login-v3,duplicate,high,0.842084,,,
vue/modal-login-v35,react/modal-login-v4,duplicate,high,0.897831,,,
vue/modal-login-v35,react/modal-login-v5,duplicate,high,0.860183,,,
vue/modal-login-v35,react/modal-login-v6,duplicate,high,0.897831,,,
vue/modal-login-v14,react/modal-login-v1,duplicate,high,0.916650,,,
vue/modal-login-v14,react/modal-login-v2,duplicate,high,0.864411,,,
vue/modal-login-v14,react/modal-login-v3,near_duplicate,medium,0.810485,,,
vue/modal-login-v14,react/modal-login-v4,duplicate,high,0.875316,,,
vue/modal-login-v14,react/modal-login-v5,duplicate,high,0.849770,,,
vue/modal-login-v14,react/modal-login-v6,duplicate,high,0.916983,,,
angular/modal-login-v35,react/modal-login-v1,duplicate,high,0.855221,,,
angular/modal-login-v35,react/modal-login-v2,duplicate,high,0.846518,,,
angular/modal-login-v35,react/modal-login-v3,near_duplicate,medium,0.765280,,,
angular/modal-login-v35,react/modal-login-v4,duplicate,high,0.869743,,,
angular/modal-login-v35,react/modal-login-v5,near_duplicate,medium,0.800643,,,
angular/modal-login-v35,react/modal-login-v6,duplicate,high,0.828076,,,
react/modal-login-v33,angular/modal-login-v1,duplicate,high,0.864810,,,
react/modal-login-v33,angular/modal-login-v2,duplicate,high,0.823647,,,
react/modal-login-v33,angular/modal-login-v3,duplicate,high,0.861857,,,
react/modal-login-v33,angular/modal-login-v4,duplicate,high,0.855623,,,
react/modal-login-v33,angular/modal-login-v5,duplicate,high,0.903165,,,
react/modal-login-v33,angular/modal-login-v6,duplicate,high,0.850585,,,
angular/modal-login-v27,react/modal-login-v1,duplicate,high,0.878845,,,
angular/modal-login-v27,react/modal-login-v2,duplicate,high,0.847472,,,
angular/modal-login-v27,react/modal-login-v3,duplicate,high,0.834537,,,
angular/modal-login-v27,react/modal-login-v4,duplicate,high,0.906607,,,
angular/modal-login-v27,react/modal-login-v5,duplicate,high,0.890702,,,
angular/modal-login-v27,react/modal-login-v6,duplicate,high,0.906607,,,
vue/modal-login-v12,react/modal-login-v1,near_duplicate,medium,0.797183,,,
vue/modal-login-v12,react/modal-login-v2,duplicate,high,0.846110,,,
vue/modal-login-v12,react/modal-login-v3,duplicate,high,0.880326,,,
vue/modal-login-v12,react/modal-login-v4,duplicate,high,0.824818,,,
vue/modal-login-v12,react/modal-login-v5,duplicate,high,0.852902,,,
vue/modal-login-v12,react/modal-login-v6,duplicate,high,0.824818,,,
react/modal-login-v9,angular/modal-login-v1,duplicate,high,0.913615,,,
react/modal-login-v9,angular/modal-login-v2,duplicate,high,0.862016,,,
react/modal-login-v9,angular/modal-login-v3,duplicate,high,0.849365,,,
react/modal-login-v9,angular/modal-login-v4,duplicate,high,0.861837,,,
react/modal-login-v9,angular/modal-login-v5,duplicate,high,0.902552,,,
react/modal-login-v9,angular/modal-login-v6,duplicate,high,0.914249,,,
angular/modal-login-v7,react/modal-login-v1,duplicate,high,0.833028,,,
angular/modal-login-v7,react/modal-login-v2,duplicate,high,0.898563,,,
angular/modal-login-v7,react/modal-login-v3,duplicate,high,0.845693,,,
angular/modal-login-v7,react/modal-login-v4,duplicate,high,0.852119,,,
angular/modal-login-v7,react/modal-login-v5,near_duplicate,medium,0.768416,,,
angular/modal-login-v7,react/modal-login-v6,near_duplicate,medium,0.810452,,,
vue/modal-login-v1,react/modal-login-v1,duplicate,high,0.878220,,,
vue/modal-login-v1,react/modal-login-v2,duplicate,high,0.861684,,,
vue/modal-login-v1,react/modal-login-v3,near_duplicate,medium,0.817558,,,
vue/modal-login-v1,react/modal-login-v4,duplicate,high,0.918893,,,
vue/modal-login-v1,react/modal-login-v5,duplicate,high,0.844718,,,
vue/modal-login-v1,react/modal-login-v6,duplicate,high,0.877226,,,
react/modal-login-v1,angular/modal-login-v1,duplicate,high,0.893559,,,
react/modal-login-v1,angular/modal-login-v2,near_duplicate,medium,0.813824,,,
react/modal-login-v1,angular/modal-login-v3,duplicate,high,0.859065,,,
react/modal-login-v1,angular/modal-login-v4,duplicate,high,0.858220,,,
react/modal-login-v1,angular/modal-login-v5,duplicate,high,0.900373,,,
react/modal-login-v1,angular/modal-login-v6,duplicate,high,0.878845,,,
vue/modal-login-v20,react/modal-login-v1,duplicate,high,0.868302,,,
vue/modal-login-v20,react/modal-login-v2,duplicate,high,0.838798,,,
vue/modal-login-v20,react/modal-login-v3,duplicate,high,0.822278,,,
vue/modal-login-v20,react/modal-login-v4,duplicate,high,0.895937,,,
vue/modal-login-v20,react/modal-login-v5,duplicate,high,0.882354,,,
vue/modal-login-v20,react/modal-login-v6,duplicate,high,0.895937,,,
react/modal-login-v18,angular/modal-login-v1,duplicate,high,0.922523,,,
react/modal-login-v18,angular/modal-login-v2,duplicate,high,0.850089,,,
react/modal-login-v18,angular/modal-login-v3,duplicate,high,0.845146,,,
react/modal-login-v18,angular/modal-login-v4,duplicate,high,0.865030,,,
react/modal-login-v18,angular/modal-login-v5,duplicate,high,0.898333,,,
react/modal-login-v18,angular/modal-login-v6,duplicate,high,0.917598,,,
angular/modal-login-v10,react/modal-login-v1,duplicate,high,0.837460,,,
angular/modal-login-v10,react/modal-login-v2,duplicate,high,0.913145,,,
angular/modal-login-v10,react/modal-login-v3,duplicate,high,0.850000,,,
angular/modal-login-v10,react/modal-login-v4,duplicate,high,0.866150,,,
angular/modal-login-v10,react/modal-login-v5,near_duplicate,medium,0.795243,,,
angular/modal-login-v10,react/modal-login-v6,duplicate,high,0.824484,,,
react/modal-login-v23,angular/modal-login-v1,duplicate,high,0.891734,,,
react/modal-login-v23,angular/modal-login-v2,duplicate,high,0.830485,,,
react/modal-login-v23,angular/modal-login-v3,duplicate,high,0.858886,,,
react/modal-login-v23,angular/modal-login-v4,duplicate,high,0.845248,,,
react/modal-login-v23,angular/modal-login-v5,duplicate,high,0.900194,,,
react/modal-login-v23,angular/modal-login-v6,duplicate,high,0.890176,,,
angular/modal-login-v33,react/modal-login-v1,duplicate,high,0.829809,,,
angular/modal-login-v33,react/modal-login-v2,duplicate,high,0.880463,,,
angular/modal-login-v33,react/modal-login-v3,duplicate,high,0.875099,,,
angular/modal-login-v33,react/modal-login-v4,duplicate,high,0.846952,,,
angular/modal-login-v33,react/modal-login-v5,duplicate,high,0.829524,,,
angular/modal-login-v33,react/modal-login-v6,duplicate,high,0.846952,,,
react/modal-login-v10,angular/modal-login-v1,duplicate,high,0.873559,,,
react/modal-login-v10,angular/modal-login-v2,near_duplicate,medium,0.793824,,,
react/modal-login-v10,angular/modal-login-v3,duplicate,high,0.821353,,,
react/modal-login-v10,angular/modal-login-v4,duplicate,high,0.871928,,,
react/modal-login-v10,angular/modal-login-v5,duplicate,high,0.862661,,,
react/modal-login-v10,angular/modal-login-v6,duplicate,high,0.858845,,,
react/modal-login-v4,angular/modal-login-v1,duplicate,high,0.910702,,,
react/modal-login-v4,angular/modal-login-v2,near_duplicate,medium,0.809149,,,
react/modal-login-v4,angular/modal-login-v3,duplicate,high,0.827166,,,
react/modal-login-v4,angular/modal-login-v4,duplicate,high,0.866068,,,
react/modal-login-v4,angular/modal-login-v5,duplicate,high,0.868473,,,
react/modal-login-v4,angular/modal-login-v6,duplicate,high,0.906607,,,
angular/modal-login-v35,react/modal-login-v1,duplicate,high,0.855221,,,
angular/modal-login-v35,react/modal-login-v2,duplicate,high,0.846518,,,
angular/modal-login-v35,react/modal-login-v3,near_duplicate,medium,0.765280,,,
angular/modal-login-v35,react/modal-login-v4,duplicate,high,0.869743,,,
angular/modal-login-v35,react/modal-login-v5,near_duplicate,medium,0.800643,,,
angular/modal-login-v35,react/modal-login-v6,duplicate,high,0.828076,,,
vue/modal-login-v12,react/modal-login-v1,near_duplicate,medium,0.797183,,,
vue/modal-login-v12,react/modal-login-v2,duplicate,high,0.846110,,,
vue/modal-login-v12,react/modal-login-v3,duplicate,high,0.880326,,,
vue/modal-login-v12,react/modal-login-v4,duplicate,high,0.824818,,,
vue/modal-login-v12,react/modal-login-v5,duplicate,high,0.852902,,,
vue/modal-login-v12,react/modal-login-v6,duplicate,high,0.824818,,,
vue/modal-login-v27,react/modal-login-v1,duplicate,high,0.878938,,,
vue/modal-login-v27,react/modal-login-v2,duplicate,high,0.835969,,,
vue/modal-login-v27,react/modal-login-v3,near_duplicate,medium,0.799483,,,
vue/modal-login-v27,react/modal-login-v4,duplicate,high,0.847155,,,
vue/modal-login-v27,react/modal-login-v5,near_duplicate,medium,0.814834,,,
vue/modal-login-v27,react/modal-login-v6,duplicate,high,0.847155,,,
angular/modal-login-v30,react/modal-login-v1,duplicate,high,0.919887,,,
angular/modal-login-v30,react/modal-login-v2,duplicate,high,0.861684,,,
angular/modal-login-v30,react/modal-login-v3,near_duplicate,medium,0.817558,,,
angular/modal-login-v30,react/modal-login-v4,duplicate,high,0.877226,,,
angular/modal-login-v30,react/modal-login-v5,duplicate,high,0.844718,,,
angular/modal-login-v30,react/modal-login-v6,duplicate,high,0.918893,,,
react/modal-login-v2,angular/modal-login-v1,duplicate,high,0.856713,,,
react/modal-login-v2,angular/modal-login-v2,duplicate,high,0.863188,,,
react/modal-login-v2,angular/modal-login-v3,duplicate,high,0.917462,,,
react/modal-login-v2,angular/modal-login-v4,duplicate,high,0.841684,,,
react/modal-login-v2,angular/modal-login-v5,duplicate,high,0.864275,,,
react/modal-login-v2,angular/modal-login-v6,duplicate,high,0.847472,,,
vue/modal-login-v25,react/modal-login-v1,duplicate,high,0.838602,,,
vue/modal-login-v25,react/modal-login-v2,duplicate,high,0.890579,,,
vue/modal-login-v25,react/modal-login-v3,duplicate,high,0.868271,,,
vue/modal-login-v25,react/modal-login-v4,duplicate,high,0.838935,,,
vue/modal-login-v25,react/modal-login-v5,duplicate,high,0.820056,,,
vue/modal-login-v25,react/modal-login-v6,duplicate,high,0.838935,,,
vue/modal-login-v1,react/modal-login-v1,duplicate,high,0.878220,,,
vue/modal-login-v1,react/modal-login-v2,duplicate,high,0.861684,,,
vue/modal-login-v1,react/modal-login-v3,near_duplicate,medium,0.817558,,,
vue/modal-login-v1,react/modal-login-v4,duplicate,high,0.918893,,,
vue/modal-login-v1,react/modal-login-v5,duplicate,high,0.844718,,,
vue/modal-login-v1,react/modal-login-v6,duplicate,high,0.877226,,,
angular/modal-login-v10,react/modal-login-v1,duplicate,high,0.837460,,,
angular/modal-login-v10,react/modal-login-v2,duplicate,high,0.913145,,,
angular/modal-login-v10,react/modal-login-v3,duplicate,high,0.850000,,,
angular/modal-login-v10,react/modal-login-v4,duplicate,high,0.866150,,,
angular/modal-login-v10,react/modal-login-v5,near_duplicate,medium,0.795243,,,
angular/modal-login-v10,react/modal-login-v6,duplicate,high,0.824484,,,
react/modal-login-v30,angular/modal-login-v1,duplicate,high,0.824378,,,
react/modal-login-v30,angular/modal-login-v2,duplicate,high,0.857057,,,
react/modal-login-v30,angular/modal-login-v3,duplicate,high,0.857731,,,
react/modal-login-v30,angular/modal-login-v4,near_duplicate,medium,0.757472,,,
react/modal-login-v30,angular/modal-login-v5,near_duplicate,medium,0.811538,,,
react/modal-login-v30,angular/modal-login-v6,duplicate,high,0.832858,,,
react/modal-login-v6,angular/modal-login-v1,duplicate,high,0.910702,,,
react/modal-login-v6,angular/modal-login-v2,near_duplicate,medium,0.809149,,,
react/modal-login-v6,angular/modal-login-v3,duplicate,high,0.827166,,,
react/modal-login-v6,angular/modal-login-v4,duplicate,high,0.824402,,,
react/modal-login-v6,angular/modal-login-v5,duplicate,high,0.868473,,,
react/modal-login-v6,angular/modal-login-v6,duplicate,high,0.906607,,,
angular/modal-login-v14,react/modal-login-v1,duplicate,high,0.919887,,,
angular/modal-login-v14,react/modal-login-v2,duplicate,high,0.861684,,,
angular/modal-login-v14,react/modal-login-v3,near_duplicate,medium,0.817558,,,
angular/modal-login-v14,react/modal-login-v4,duplicate,high,0.877226,,,
angular/modal-login-v14,react/modal-login-v5,duplicate,high,0.844718,,,
angular/modal-login-v14,react/modal-login-v6,duplicate,high,0.918893,,,
vue/modal-login-v12,react/modal-login-v1,near_duplicate,medium,0.797183,,,
vue/modal-login-v12,react/modal-login-v2,duplicate,high,0.846110,,,
vue/modal-login-v12,react/modal-login-v3,duplicate,high,0.880326,,,
vue/modal-login-v12,react/modal-login-v4,duplicate,high,0.824818,,,
vue/modal-login-v12,react/modal-login-v5,duplicate,high,0.852902,,,
vue/modal-login-v12,react/modal-login-v6,duplicate,high,0.824818,,,
vue/modal-login-v10,react/modal-login-v1,duplicate,high,0.897609,,,
vue/modal-login-v10,react/modal-login-v2,duplicate,high,0.865558,,,
vue/modal-login-v10,react/modal-login-v3,near_duplicate,medium,0.810357,,,
vue/modal-login-v10,react/modal-login-v4,duplicate,high,0.907598,,,
vue/modal-login-v10,react/modal-login-v5,duplicate,high,0.845826,,,
vue/modal-login-v10,react/modal-login-v6,duplicate,high,0.907598,,,
angular/modal-login-v34,react/modal-login-v1,duplicate,high,0.887411,,,
angular/modal-login-v34,react/modal-login-v2,duplicate,high,0.821420,,,
angular/modal-login-v34,react/modal-login-v3,duplicate,high,0.831193,,,
angular/modal-login-v34,react/modal-login-v4,duplicate,high,0.846253,,,
angular/modal-login-v34,react/modal-login-v5,duplicate,high,0.849292,,,
angular/modal-login-v34,react/modal-login-v6,duplicate,high,0.880273,,,
angular/modal-login-v11,react/modal-login-v1,duplicate,high,0.878845,,,
angular/modal-login-v11,react/modal-login-v2,duplicate,high,0.847472,,,
angular/modal-login-v11,react/modal-login-v3,duplicate,high,0.834537,,,
angular/modal-login-v11,react/modal-login-v4,duplicate,high,0.906607,,,
angular/modal-login-v11,react/modal-login-v5,duplicate,high,0.890702,,,
angular/modal-login-v11,react/modal-login-v6,duplicate,high,0.906607,,,
react/modal-login-v29,angular/modal-login-v1,duplicate,high,0.864475,,,
react/modal-login-v29,angular/modal-login-v2,duplicate,high,0.908137,,,
react/modal-login-v29,angular/modal-login-v3,duplicate,high,0.852457,,,
react/modal-login-v29,angular/modal-login-v4,near_duplicate,medium,0.793911,,,
react/modal-login-v29,angular/modal-login-v5,duplicate,high,0.840286,,,
react/modal-login-v29,angular/modal-login-v6,duplicate,high,0.859550,,,
angular/modal-login-v27,react/modal-login-v1,duplicate,high,0.878845,,,
angular/modal-login-v27,react/modal-login-v2,duplicate,high,0.847472,,,
angular/modal-login-v27,react/modal-login-v3,duplicate,high,0.834537,,,
angular/modal-login-v27,react/modal-login-v4,duplicate,high,0.906607,,,
angular/modal-login-v27,react/modal-login-v5,duplicate,high,0.890702,,,
angular/modal-login-v27,react/modal-login-v6,duplicate,high,0.906607,,,
react/modal-login-v18,angular/modal-login-v1,duplicate,high,0.922523,,,
react/modal-login-v18,angular/modal-login-v2,duplicate,high,0.850089,,,
react/modal-login-v18,angular/modal-login-v3,duplicate,high,0.845146,,,
react/modal-login-v18,angular/modal-login-v4,duplicate,high,0.865030,,,
react/modal-login-v18,angular/modal-login-v5,duplicate,high,0.898333,,,
react/modal-login-v18,angular/modal-login-v6,duplicate,high,0.917598,,,
angular/modal-login-v30,react/modal-login-v1,duplicate,high,0.919887,,,
angular/modal-login-v30,react/modal-login-v2,duplicate,high,0.861684,,,
angular/modal-login-v30,react/modal-login-v3,near_duplicate,medium,0.817558,,,
angular/modal-login-v30,react/modal-login-v4,duplicate,high,0.877226,,,
angular/modal-login-v30,react/modal-login-v5,duplicate,high,0.844718,,,
angular/modal-login-v30,react/modal-login-v6,duplicate,high,0.918893,,,
react/modal-login-v21,angular/modal-login-v1,duplicate,high,0.882691,,,
react/modal-login-v21,angular/modal-login-v2,near_duplicate,medium,0.809971,,,
react/modal-login-v21,angular/modal-login-v3,near_duplicate,medium,0.804463,,,
react/modal-login-v21,angular/modal-login-v4,duplicate,high,0.828711,,,
react/modal-login-v21,angular/modal-login-v5,duplicate,high,0.866554,,,
react/modal-login-v21,angular/modal-login-v6,duplicate,high,0.865044,,,
react/modal-login-v16,angular/modal-login-v1,duplicate,high,0.913293,,,
react/modal-login-v16,angular/modal-login-v2,near_duplicate,medium,0.799071,,,
react/modal-login-v16,angular/modal-login-v3,duplicate,high,0.842728,,,
react/modal-login-v16,angular/modal-login-v4,duplicate,high,0.862693,,,
react/modal-login-v16,angular/modal-login-v5,duplicate,high,0.877041,,,
react/modal-login-v16,angular/modal-login-v6,duplicate,high,0.903148,,,
vue/modal-login-v21,react/modal-login-v1,duplicate,high,0.906761,,,
vue/modal-login-v21,react/modal-login-v2,duplicate,high,0.864411,,,
vue/modal-login-v21,react/modal-login-v3,duplicate,high,0.831852,,,
vue/modal-login-v21,react/modal-login-v4,duplicate,high,0.888480,,,
vue/modal-login-v21,react/modal-login-v5,duplicate,high,0.852181,,,
vue/modal-login-v21,react/modal-login-v6,duplicate,high,0.888480,,,
angular/modal-login-v26,react/modal-login-v1,duplicate,high,0.911022,,,
angular/modal-login-v26,react/modal-login-v2,duplicate,high,0.853472,,,
angular/modal-login-v26,react/modal-login-v3,duplicate,high,0.836062,,,
angular/modal-login-v26,react/modal-login-v4,duplicate,high,0.864024,,,
angular/modal-login-v26,react/modal-login-v5,duplicate,high,0.868804,,,
angular/modal-login-v26,react/modal-login-v6,duplicate,high,0.898045,,,
vue/modal-login-v35,react/modal-login-v1,duplicate,high,0.904969,,,
vue/modal-login-v35,react/modal-login-v2,duplicate,high,0.859760,,,
vue/modal-login-v35,react/modal-login-v3,duplicate,high,0.842084,,,
vue/modal-login-v35,react/modal-login-v4,duplicate,high,0.897831,,,
vue/modal-login-v35,react/modal-login-v5,duplicate,high,0.860183,,,
vue/modal-login-v35,react/modal-login-v6,duplicate,high,0.897831,,,
react/modal-login-v17,angular/modal-login-v1,duplicate,high,0.902691,,,
react/modal-login-v17,angular/modal-login-v2,duplicate,high,0.829971,,,
react/modal-login-v17,angular/modal-login-v3,duplicate,high,0.824463,,,
react/modal-login-v17,angular/modal-login-v4,duplicate,high,0.842044,,,
react/modal-login-v17,angular/modal-login-v5,duplicate,high,0.886554,,,
react/modal-login-v17,angular/modal-login-v6,duplicate,high,0.885044,,,
react/modal-login-v6,angular/modal-login-v1,duplicate,high,0.910702,,,
react/modal-login-v6,angular/modal-login-v2,near_duplicate,medium,0.809149,,,
react/modal-login-v6,angular/modal-login-v3,duplicate,high,0.827166,,,
react/modal-login-v6,angular/modal-login-v4,duplicate,high,0.824402,,,
react/modal-login-v6,angular/modal-login-v5,duplicate,high,0.868473,,,
react/modal-login-v6,angular/modal-login-v6,duplicate,high,0.906607,,,
react/modal-login-v24,angular/modal-login-v1,duplicate,high,0.912129,,,
react/modal-login-v24,angular/modal-login-v2,duplicate,high,0.827529,,,
react/modal-login-v24,angular/modal-login-v3,duplicate,high,0.842804,,,
react/modal-login-v24,angular/modal-login-v4,duplicate,high,0.873622,,,
react/modal-login-v24,angular/modal-login-v5,duplicate,high,0.895991,,,
react/modal-login-v24,angular/modal-login-v6,duplicate,high,0.894481,,,
react/modal-login-v3,angular/modal-login-v1,duplicate,high,0.844682,,,
react/modal-login-v3,angular/modal-login-v2,duplicate,high,0.868696,,,
react/modal-login-v3,angular/modal-login-v3,duplicate,high,0.820603,,,
react/modal-login-v3,angular/modal-login-v4,near_duplicate,medium,0.775798,,,
react/modal-login-v3,angular/modal-login-v5,near_duplicate,medium,0.808431,,,
react/modal-login-v3,angular/modal-login-v6,duplicate,high,0.834537,,,
vue/modal-login-v6,react/modal-login-v1,duplicate,high,0.913145,,,
vue/modal-login-v6,react/modal-login-v2,duplicate,high,0.851349,,,
vue/modal-login-v6,react/modal-login-v3,duplicate,high,0.838125,,,
vue/modal-login-v6,react/modal-login-v4,duplicate,high,0.861981,,,
vue/modal-login-v6,react/modal-login-v5,duplicate,high,0.861288,,,
vue/modal-login-v6,react/modal-login-v6,duplicate,high,0.896002,,,
vue/modal-login-v35,react/modal-login-v1,duplicate,high,0.904969,,,
vue/modal-login-v35,react/modal-login-v2,duplicate,high,0.859760,,,
vue/modal-login-v35,react/modal-login-v3,duplicate,high,0.842084,,,
vue/modal-login-v35,react/modal-login-v4,duplicate,high,0.897831,,,
vue/modal-login-v35,react/modal-login-v5,duplicate,high,0.860183,,,
vue/modal-login-v35,react/modal-login-v6,duplicate,high,0.897831,,,
vue/modal-login-v3,react/modal-login-v1,duplicate,high,0.885033,,,
vue/modal-login-v3,react/modal-login-v2,duplicate,high,0.830596,,,
vue/modal-login-v3,react/modal-login-v3,near_duplicate,medium,0.795091,,,
vue/modal-login-v3,react/modal-login-v4,duplicate,high,0.823867,,,
vue/modal-login-v3,react/modal-login-v5,duplicate,high,0.830454,,,
vue/modal-login-v3,react/modal-login-v6,duplicate,high,0.857888,,,
react/modal-login-v34,angular/modal-login-v1,duplicate,high,0.875869,,,
react/modal-login-v34,angular/modal-login-v2,near_duplicate,medium,0.807403,,,
react/modal-login-v34,angular/modal-login-v3,duplicate,high,0.830916,,,
react/modal-login-v34,angular/modal-login-v4,duplicate,high,0.901995,,,
react/modal-login-v34,angular/modal-login-v5,duplicate,high,0.884103,,,
react/modal-login-v34,angular/modal-login-v6,duplicate,high,0.853833,,,
angular/modal-login-v23,react/modal-login-v1,duplicate,high,0.872648,,,
angular/modal-login-v23,react/modal-login-v2,duplicate,high,0.825392,,,
angular/modal-login-v23,react/modal-login-v3,near_duplicate,medium,0.804803,,,
angular/modal-login-v23,react/modal-login-v4,duplicate,high,0.850179,,,
angular/modal-login-v23,react/modal-login-v5,near_duplicate,medium,0.814721,,,
angular/modal-login-v23,react/modal-login-v6,duplicate,high,0.850179,,,
react/modal-login-v17,angular/modal-login-v1,duplicate,high,0.902691,,,
react/modal-login-v17,angular/modal-login-v2,duplicate,high,0.829971,,,
react/modal-login-v17,angular/modal-login-v3,duplicate,high,0.824463,,,
react/modal-login-v17,angular/modal-login-v4,duplicate,high,0.842044,,,
react/modal-login-v17,angular/modal-login-v5,duplicate,high,0.886554,,,
react/modal-login-v17,angular/modal-login-v6,duplicate,high,0.885044,,,
angular/modal-login-v29,react/modal-login-v1,duplicate,high,0.881380,,,
angular/modal-login-v29,react/modal-login-v2,near_duplicate,medium,0.817629,,,
angular/modal-login-v29,react/modal-login-v3,near_duplicate,medium,0.801925,,,
angular/modal-login-v29,react/modal-login-v4,near_duplicate,medium,0.815577,,,
angular/modal-login-v29,react/modal-login-v5,duplicate,high,0.850609,,,
angular/modal-login-v29,react/modal-login-v6,duplicate,high,0.849598,,,
react/modal-login-v23,angular/modal-login-v1,duplicate,high,0.891734,,,
react/modal-login-v23,angular/modal-login-v2,duplicate,high,0.830485,,,
react/modal-login-v23,angular/modal-login-v3,duplicate,high,0.858886,,,
react/modal-login-v23,angular/modal-login-v4,duplicate,high,0.845248,,,
react/modal-login-v23,angular/modal-login-v5,duplicate,high,0.900194,,,
react/modal-login-v23,angular/modal-login-v6,duplicate,high,0.890176,,,
vue/modal-login-v29,react/modal-login-v1,duplicate,high,0.865279,,,
vue/modal-login-v29,react/modal-login-v2,duplicate,high,0.842974,,,
vue/modal-login-v29,react/modal-login-v3,near_duplicate,medium,0.790768,,,
vue/modal-login-v29,react/modal-login-v4,duplicate,high,0.884477,,,
vue/modal-login-v29,react/modal-login-v5,near_duplicate,medium,0.800685,,,
vue/modal-login-v29,react/modal-login-v6,duplicate,high,0.842810,,,
react/modal-login-v17,angular/modal-login-v1,duplicate,high,0.902691,,,
react/modal-login-v17,angular/modal-login-v2,duplicate,high,0.829971,,,
react/modal-login-v17,angular/modal-login-v3,duplicate,high,0.824463,,,
react/modal-login-v17,angular/modal-login-v4,duplicate,high,0.842044,,,
react/modal-login-v17,angular/modal-login-v5,duplicate,high,0.886554,,,
react/modal-login-v17,angular/modal-login-v6,duplicate,high,0.885044,,,
angular/modal-login-v31,react/modal-login-v1,duplicate,high,0.904147,,,
angular/modal-login-v31,react/modal-login-v2,duplicate,high,0.857231,,,
angular/modal-login-v31,react/modal-login-v3,duplicate,high,0.829312,,,
angular/modal-login-v31,react/modal-login-v4,duplicate,high,0.881571,,,
angular/modal-login-v31,react/modal-login-v5,duplicate,high,0.839535,,,
angular/modal-login-v31,react/modal-login-v6,duplicate,high,0.881571,,,
angular/modal-login-v32,react/modal-login-v1,duplicate,high,0.899624,,,
angular/modal-login-v32,react/modal-login-v2,duplicate,high,0.849777,,,
angular/modal-login-v32,react/modal-login-v3,duplicate,high,0.824917,,,
angular/modal-login-v32,react/modal-login-v4,duplicate,high,0.874399,,,
angular/modal-login-v32,react/modal-login-v5,duplicate,high,0.828764,,,
angular/modal-login-v32,react/modal-login-v6,duplicate,high,0.874399,,,
vue/profile-card-v30,react/profile-card-v1,duplicate,high,0.847809,,,
vue/profile-card-v30,react/profile-card-v2,near_duplicate,medium,0.748502,,,
vue/profile-card-v30,react/profile-card-v3,near_duplicate,medium,0.766059,,,
vue/profile-card-v30,react/profile-card-v4,near_duplicate,medium,0.801167,,,
vue/profile-card-v30,react/profile-card-v5,near_duplicate,medium,0.817500,,,
vue/profile-card-v30,react/profile-card-v6,near_duplicate,medium,0.819973,,,
vue/profile-card-v23,react/profile-card-v1,near_duplicate,medium,0.787536,,,
vue/profile-card-v23,react/profile-card-v2,duplicate,high,0.893527,,,
vue/profile-card-v23,react/profile-card-v3,duplicate,high,0.882964,,,
vue/profile-card-v23,react/profile-card-v4,duplicate,high,0.905000,,,
vue/profile-card-v23,react/profile-card-v5,duplicate,high,0.855333,,,
vue/profile-card-v23,react/profile-card-v6,duplicate,high,0.870176,,,
angular/profile-card-v26,react/profile-card-v1,near_duplicate,medium,0.796973,,,
angular/profile-card-v26,react/profile-card-v2,duplicate,high,0.841853,,,
angular/profile-card-v26,react/profile-card-v3,duplicate,high,0.873527,,,
angular/profile-card-v26,react/profile-card-v4,duplicate,high,0.895563,,,
angular/profile-card-v26,react/profile-card-v5,duplicate,high,0.857776,,,
angular/profile-card-v26,react/profile-card-v6,duplicate,high,0.872618,,,
angular/profile-card-v34,react/profile-card-v1,duplicate,high,0.823406,,,
angular/profile-card-v34,react/profile-card-v2,duplicate,high,0.854605,,,
angular/profile-card-v34,react/profile-card-v3,duplicate,high,0.892945,,,
angular/profile-card-v34,react/profile-card-v4,duplicate,high,0.903853,,,
angular/profile-card-v34,react/profile-card-v5,duplicate,high,0.870527,,,
angular/profile-card-v34,react/profile-card-v6,duplicate,high,0.863968,,,
vue/profile-card-v19,react/profile-card-v1,near_duplicate,medium,0.774097,,,
vue/profile-card-v19,react/profile-card-v2,duplicate,high,0.893145,,,
vue/profile-card-v19,react/profile-card-v3,duplicate,high,0.910702,,,
vue/profile-card-v19,react/profile-card-v4,duplicate,high,0.888667,,,
vue/profile-card-v19,react/profile-card-v5,near_duplicate,medium,0.806190,,,
vue/profile-card-v19,react/profile-card-v6,near_duplicate,medium,0.817997,,,
angular/profile-card-v31,react/profile-card-v1,near_duplicate,medium,0.769196,,,
angular/profile-card-v31,react/profile-card-v2,duplicate,high,0.869631,,,
angular/profile-card-v31,react/profile-card-v3,duplicate,high,0.873527,,,
angular/profile-card-v31,react/profile-card-v4,duplicate,high,0.895563,,,
angular/profile-card-v31,react/profile-card-v5,duplicate,high,0.857776,,,
angular/profile-card-v31,react/profile-card-v6,duplicate,high,0.872618,,,
vue/profile-card-v17,react/profile-card-v1,near_duplicate,medium,0.751624,,,
vue/profile-card-v17,react/profile-card-v2,duplicate,high,0.875618,,,
vue/profile-card-v17,react/profile-card-v3,duplicate,high,0.893175,,,
vue/profile-card-v17,react/profile-card-v4,duplicate,high,0.890176,,,
vue/profile-card-v17,react/profile-card-v5,duplicate,high,0.845806,,,
vue/profile-card-v17,react/profile-card-v6,duplicate,high,0.843333,,,
react/profile-card-v20,angular/profile-card-v1,near_duplicate,medium,0.735833,,,
react/profile-card-v20,angular/profile-card-v2,duplicate,high,0.890176,,,
react/profile-card-v20,angular/profile-card-v3,near_duplicate,medium,0.776468,,,
react/profile-card-v20,angular/profile-card-v4,duplicate,high,0.892618,,,
react/profile-card-v20,angular/profile-card-v5,duplicate,high,0.879124,,,
react/profile-card-v20,angular/profile-card-v6,near_duplicate,medium,0.757866,,,
react/profile-card-v34,angular/profile-card-v1,near_duplicate,medium,0.774785,,,
react/profile-card-v34,angular/profile-card-v2,duplicate,high,0.873527,,,
react/profile-card-v34,angular/profile-card-v3,near_duplicate,medium,0.725173,,,
react/profile-card-v34,angular/profile-card-v4,duplicate,high,0.855187,,,
react/profile-card-v34,angular/profile-card-v5,duplicate,high,0.859695,,,
react/profile-card-v34,angular/profile-card-v6,near_duplicate,medium,0.750920,,,
react/profile-card-v36,angular/profile-card-v1,near_duplicate,medium,0.803202,,,
react/profile-card-v36,angular/profile-card-v2,duplicate,high,0.904473,,,
react/profile-card-v36,angular/profile-card-v3,near_duplicate,medium,0.778886,,,
react/profile-card-v36,angular/profile-card-v4,duplicate,high,0.895036,,,
react/profile-card-v36,angular/profile-card-v5,duplicate,high,0.875563,,,
react/profile-card-v36,angular/profile-card-v6,near_duplicate,medium,0.819973,,,
vue/profile-card-v29,react/profile-card-v1,near_duplicate,medium,0.744386,,,
vue/profile-card-v29,react/profile-card-v2,duplicate,high,0.820079,,,
vue/profile-card-v29,react/profile-card-v3,duplicate,high,0.858420,,,
vue/profile-card-v29,react/profile-card-v4,duplicate,high,0.893527,,,
vue/profile-card-v29,react/profile-card-v5,duplicate,high,0.859124,,,
vue/profile-card-v29,react/profile-card-v6,duplicate,high,0.861597,,,
angular/profile-card-v36,react/profile-card-v1,duplicate,high,0.857222,,,
angular/profile-card-v36,react/profile-card-v2,near_duplicate,medium,0.724386,,,
angular/profile-card-v36,react/profile-card-v3,near_duplicate,medium,0.762727,,,
angular/profile-card-v36,react/profile-card-v4,near_duplicate,medium,0.807536,,,
angular/profile-card-v36,react/profile-card-v5,near_duplicate,medium,0.754097,,,
angular/profile-card-v36,react/profile-card-v6,near_duplicate,medium,0.751624,,,
angular/profile-card-v9,react/profile-card-v1,near_duplicate,medium,0.769196,,,
angular/profile-card-v9,react/profile-card-v2,duplicate,high,0.869631,,,
angular/profile-card-v9,react/profile-card-v3,duplicate,high,0.873527,,,
angular/profile-card-v9,react/profile-card-v4,duplicate,high,0.895563,,,
angular/profile-card-v9,react/profile-card-v5,duplicate,high,0.857776,,,
angular/profile-card-v9,react/profile-card-v6,duplicate,high,0.872618,,,
react/profile-card-v16,angular/profile-card-v1,near_duplicate,medium,0.785118,,,
react/profile-card-v16,angular/profile-card-v2,duplicate,high,0.915563,,,
react/profile-card-v16,angular/profile-card-v3,near_duplicate,medium,0.798012,,,
react/profile-card-v16,angular/profile-card-v4,duplicate,high,0.897222,,,
react/profile-card-v16,angular/profile-card-v5,duplicate,high,0.876696,,,
react/profile-card-v16,angular/profile-card-v6,near_duplicate,medium,0.806027,,,
react/profile-card-v21,angular/profile-card-v1,near_duplicate,medium,0.805645,,,
react/profile-card-v21,angular/profile-card-v2,duplicate,high,0.895036,,,
react/profile-card-v21,angular/profile-card-v3,near_duplicate,medium,0.760545,,,
react/profile-card-v21,angular/profile-card-v4,duplicate,high,0.876696,,,
react/profile-card-v21,angular/profile-card-v5,duplicate,high,0.885000,,,
react/profile-card-v21,angular/profile-card-v6,near_duplicate,medium,0.810536,,,
vue/profile-card-v29,react/profile-card-v1,near_duplicate,medium,0.744386,,,
vue/profile-card-v29,react/profile-card-v2,duplicate,high,0.820079,,,
vue/profile-card-v29,react/profile-card-v3,duplicate,high,0.858420,,,
vue/profile-card-v29,react/profile-card-v4,duplicate,high,0.893527,,,
vue/profile-card-v29,react/profile-card-v5,duplicate,high,0.859124,,,
vue/profile-card-v29,react/profile-card-v6,duplicate,high,0.861597,,,
vue/profile-card-v16,react/profile-card-v1,near_duplicate,medium,0.744386,,,
vue/profile-card-v16,react/profile-card-v2,duplicate,high,0.820079,,,
vue/profile-card-v16,react/profile-card-v3,duplicate,high,0.858420,,,
vue/profile-card-v16,react/profile-card-v4,duplicate,high,0.893527,,,
vue/profile-card-v16,react/profile-card-v5,duplicate,high,0.859124,,,
vue/profile-card-v16,react/profile-card-v6,duplicate,high,0.861597,,,
react/profile-card-v1,angular/profile-card-v1,near_duplicate,medium,0.819124,,,
react/profile-card-v1,angular/profile-card-v2,near_duplicate,medium,0.807536,,,
react/profile-card-v1,angular/profile-card-v3,duplicate,high,0.875823,,,
react/profile-card-v1,angular/profile-card-v4,near_duplicate,medium,0.816973,,,
react/profile-card-v1,angular/profile-card-v5,near_duplicate,medium,0.769722,,,
react/profile-card-v1,angular/profile-card-v6,duplicate,high,0.850227,,,
angular/profile-card-v20,react/profile-card-v1,near_duplicate,medium,0.760545,,,
angular/profile-card-v20,react/profile-card-v2,duplicate,high,0.854605,,,
angular/profile-card-v20,react/profile-card-v3,duplicate,high,0.892945,,,
angular/profile-card-v20,react/profile-card-v4,duplicate,high,0.903853,,,
angular/profile-card-v20,react/profile-card-v5,duplicate,high,0.836507,,,
angular/profile-card-v20,react/profile-card-v6,duplicate,high,0.865030,,,
angular/profile-card-v12,react/profile-card-v1,near_duplicate,medium,0.807536,,,
angular/profile-card-v12,react/profile-card-v2,duplicate,high,0.873527,,,
angular/profile-card-v12,react/profile-card-v3,duplicate,high,0.902964,,,
angular/profile-card-v12,react/profile-card-v4,duplicate,high,0.925000,,,
angular/profile-card-v12,react/profile-card-v5,duplicate,high,0.868667,,,
angular/profile-card-v12,react/profile-card-v6,duplicate,high,0.890176,,,
angular/profile-card-v14,react/profile-card-v1,duplicate,high,0.857222,,,
angular/profile-card-v14,react/profile-card-v2,near_duplicate,medium,0.772195,,,
angular/profile-card-v14,react/profile-card-v3,near_duplicate,medium,0.810536,,,
angular/profile-card-v14,react/profile-card-v4,near_duplicate,medium,0.807536,,,
angular/profile-card-v14,react/profile-card-v5,near_duplicate,medium,0.754097,,,
angular/profile-card-v14,react/profile-card-v6,near_duplicate,medium,0.751624,,,
angular/profile-card-v1,react/profile-card-v1,near_duplicate,medium,0.819124,,,
angular/profile-card-v1,react/profile-card-v2,near_duplicate,medium,0.774785,,,
angular/profile-card-v1,react/profile-card-v3,near_duplicate,medium,0.785675,,,
angular/profile-card-v1,react/profile-card-v4,near_duplicate,medium,0.782676,,,
angular/profile-card-v1,react/profile-card-v5,near_duplicate,medium,0.778306,,,
angular/profile-card-v1,react/profile-card-v6,near_duplicate,medium,0.735833,,,
angular/profile-card-v21,react/profile-card-v1,near_duplicate,medium,0.789196,,,
angular/profile-card-v21,react/profile-card-v2,duplicate,high,0.855187,,,
angular/profile-card-v21,react/profile-card-v3,duplicate,high,0.893527,,,
angular/profile-card-v21,react/profile-card-v4,duplicate,high,0.915563,,,
angular/profile-card-v21,react/profile-card-v5,duplicate,high,0.837089,,,
angular/profile-card-v21,react/profile-card-v6,duplicate,high,0.858597,,,
angular/profile-card-v31,react/profile-card-v1,near_duplicate,medium,0.769196,,,
angular/profile-card-v31,react/profile-card-v2,duplicate,high,0.869631,,,
angular/profile-card-v31,react/profile-card-v3,duplicate,high,0.873527,,,
angular/profile-card-v31,react/profile-card-v4,duplicate,high,0.895563,,,
angular/profile-card-v31,react/profile-card-v5,duplicate,high,0.857776,,,
angular/profile-card-v31,react/profile-card-v6,duplicate,high,0.872618,,,
vue/profile-card-v5,react/profile-card-v1,duplicate,high,0.878036,,,
vue/profile-card-v5,react/profile-card-v2,near_duplicate,medium,0.794729,,,
vue/profile-card-v5,react/profile-card-v3,near_duplicate,medium,0.817500,,,
vue/profile-card-v5,react/profile-card-v4,near_duplicate,medium,0.795464,,,
vue/profile-card-v5,react/profile-card-v5,near_duplicate,medium,0.732726,,,
vue/profile-card-v5,react/profile-card-v6,near_duplicate,medium,0.737866,,,
react/profile-card-v5,angular/profile-card-v1,near_duplicate,medium,0.778306,,,
react/profile-card-v5,angular/profile-card-v2,duplicate,high,0.868667,,,
react/profile-card-v5,angular/profile-card-v3,near_duplicate,medium,0.783027,,,
react/profile-card-v5,angular/profile-card-v4,duplicate,high,0.871109,,,
react/profile-card-v5,angular/profile-card-v5,duplicate,high,0.827809,,,
react/profile-card-v5,angular/profile-card-v6,near_duplicate,medium,0.803202,,,
react/profile-card-v21,angular/profile-card-v1,near_duplicate,medium,0.805645,,,
react/profile-card-v21,angular/profile-card-v2,duplicate,high,0.895036,,,
react/profile-card-v21,angular/profile-card-v3,near_duplicate,medium,0.760545,,,
react/profile-card-v21,angular/profile-card-v4,duplicate,high,0.876696,,,
react/profile-card-v21,angular/profile-card-v5,duplicate,high,0.885000,,,
react/profile-card-v21,angular/profile-card-v6,near_duplicate,medium,0.810536,,,
angular/profile-card-v10,react/profile-card-v1,duplicate,high,0.875563,,,
angular/profile-card-v10,react/profile-card-v2,near_duplicate,medium,0.742727,,,
angular/profile-card-v10,react/profile-card-v3,near_duplicate,medium,0.772164,,,
angular/profile-card-v10,react/profile-card-v4,near_duplicate,medium,0.816973,,,
angular/profile-card-v10,react/profile-card-v5,near_duplicate,medium,0.785675,,,
angular/profile-card-v10,react/profile-card-v6,near_duplicate,medium,0.783202,,,
angular/profile-card-v31,react/profile-card-v1,near_duplicate,medium,0.769196,,,
angular/profile-card-v31,react/profile-card-v2,duplicate,high,0.869631,,,
angular/profile-card-v31,react/profile-card-v3,duplicate,high,0.873527,,,
angular/profile-card-v31,react/profile-card-v4,duplicate,high,0.895563,,,
angular/profile-card-v31,react/profile-card-v5,duplicate,high,0.857776,,,
angular/profile-card-v31,react/profile-card-v6,duplicate,high,0.872618,,,
react/profile-card-v12,angular/profile-card-v1,near_duplicate,medium,0.756468,,,
react/profile-card-v12,angular/profile-card-v2,duplicate,high,0.903853,,,
react/profile-card-v12,angular/profile-card-v3,near_duplicate,medium,0.778953,,,
react/profile-card-v12,angular/profile-card-v4,duplicate,high,0.885512,,,
react/profile-card-v12,angular/profile-card-v5,duplicate,high,0.910906,,,
react/profile-card-v12,angular/profile-card-v6,near_duplicate,medium,0.763514,,,
vue/profile-card-v3,react/profile-card-v1,duplicate,high,0.847809,,,
vue/profile-card-v3,react/profile-card-v2,near_duplicate,medium,0.748502,,,
vue/profile-card-v3,react/profile-card-v3,near_duplicate,medium,0.766059,,,
vue/profile-card-v3,react/profile-card-v4,near_duplicate,medium,0.801167,,,
vue/profile-card-v3,react/profile-card-v5,near_duplicate,medium,0.817500,,,
vue/profile-card-v3,react/profile-card-v6,near_duplicate,medium,0.819973,,,
react/profile-card-v29,angular/profile-card-v1,near_duplicate,medium,0.769342,,,
react/profile-card-v29,angular/profile-card-v2,duplicate,high,0.905000,,,
react/profile-card-v29,angular/profile-card-v3,near_duplicate,medium,0.796353,,,
react/profile-card-v29,angular/profile-card-v4,duplicate,high,0.895563,,,
react/profile-card-v29,angular/profile-card-v5,duplicate,high,0.875036,,,
react/profile-card-v29,angular/profile-card-v6,near_duplicate,medium,0.795464,,,
react/profile-card-v1,angular/profile-card-v1,near_duplicate,medium,0.819124,,,
react/profile-card-v1,angular/profile-card-v2,near_duplicate,medium,0.807536,,,
react/profile-card-v1,angular/profile-card-v3,duplicate,high,0.875823,,,
react/profile-card-v1,angular/profile-card-v4,near_duplicate,medium,0.816973,,,
react/profile-card-v1,angular/profile-card-v5,near_duplicate,medium,0.769722,,,
react/profile-card-v1,angular/profile-card-v6,duplicate,high,0.850227,,,
react/profile-card-v14,angular/profile-card-v1,near_duplicate,medium,0.710497,,,
react/profile-card-v14,angular/profile-card-v2,duplicate,high,0.888667,,,
react/profile-card-v14,angular/profile-card-v3,near_duplicate,medium,0.803027,,,
react/profile-card-v14,angular/profile-card-v4,duplicate,high,0.891109,,,
react/profile-card-v14,angular/profile-card-v5,near_duplicate,medium,0.813788,,,
react/profile-card-v14,angular/profile-card-v6,near_duplicate,medium,0.766059,,,
react/profile-card-v15,angular/profile-card-v1,near_duplicate,medium,0.731624,,,
react/profile-card-v15,angular/profile-card-v2,duplicate,high,0.895036,,,
react/profile-card-v15,angular/profile-card-v3,duplicate,high,0.823406,,,
react/profile-card-v15,angular/profile-card-v4,duplicate,high,0.904473,,,
react/profile-card-v15,angular/profile-card-v5,near_duplicate,medium,0.817222,,,
react/profile-card-v15,angular/profile-card-v6,near_duplicate,medium,0.810536,,,
vue/profile-card-v2,react/profile-card-v1,duplicate,high,0.875036,,,
vue/profile-card-v2,react/profile-card-v2,near_duplicate,medium,0.772694,,,
vue/profile-card-v2,react/profile-card-v3,near_duplicate,medium,0.795464,,,
vue/profile-card-v2,react/profile-card-v4,near_duplicate,medium,0.817500,,,
vue/profile-card-v2,react/profile-card-v5,near_duplicate,medium,0.767833,,,
vue/profile-card-v2,react/profile-card-v6,near_duplicate,medium,0.782676,,,
vue/profile-card-v1,react/profile-card-v1,near_duplicate,medium,0.807536,,,
vue/profile-card-v1,react/profile-card-v2,duplicate,high,0.873527,,,
vue/profile-card-v1,react/profile-card-v3,duplicate,high,0.902964,,,
vue/profile-card-v1,react/profile-card-v4,duplicate,high,0.925000,,,
vue/profile-card-v1,react/profile-card-v5,duplicate,high,0.868667,,,
vue/profile-card-v1,react/profile-card-v6,duplicate,high,0.890176,,,
vue/profile-card-v28,react/profile-card-v1,near_duplicate,medium,0.768063,,,
vue/profile-card-v28,react/profile-card-v2,duplicate,high,0.898036,,,
vue/profile-card-v28,react/profile-card-v3,duplicate,high,0.887473,,,
vue/profile-card-v28,react/profile-card-v4,duplicate,high,0.884473,,,
vue/profile-card-v28,react/profile-card-v5,duplicate,high,0.859842,,,
vue/profile-card-v28,react/profile-card-v6,duplicate,high,0.850702,,,
react/profile-card-v4,angular/profile-card-v1,near_duplicate,medium,0.782676,,,
react/profile-card-v4,angular/profile-card-v2,duplicate,high,0.925000,,,
react/profile-card-v4,angular/profile-card-v3,near_duplicate,medium,0.816353,,,
react/profile-card-v4,angular/profile-card-v4,duplicate,high,0.915563,,,
react/profile-card-v4,angular/profile-card-v5,duplicate,high,0.895036,,,
react/profile-card-v4,angular/profile-card-v6,near_duplicate,medium,0.815464,,,
angular/profile-card-v13,react/profile-card-v1,near_duplicate,medium,0.762727,,,
angular/profile-card-v13,react/profile-card-v2,duplicate,high,0.838420,,,
angular/profile-card-v13,react/profile-card-v3,duplicate,high,0.867857,,,
angular/profile-card-v13,react/profile-card-v4,duplicate,high,0.902964,,,
angular/profile-card-v13,react/profile-card-v5,duplicate,high,0.890702,,,
angular/profile-card-v13,react/profile-card-v6,duplicate,high,0.893175,,,
vue/profile-card-v31,react/profile-card-v1,near_duplicate,medium,0.765645,,,
vue/profile-card-v31,react/profile-card-v2,duplicate,high,0.895618,,,
vue/profile-card-v31,react/profile-card-v3,duplicate,high,0.873175,,,
vue/profile-card-v31,react/profile-card-v4,duplicate,high,0.870176,,,
vue/profile-card-v31,react/profile-card-v5,duplicate,high,0.874140,,,
vue/profile-card-v31,react/profile-card-v6,duplicate,high,0.865000,,,
angular/profile-card-v33,react/profile-card-v1,near_duplicate,medium,0.748063,,,
angular/profile-card-v33,react/profile-card-v2,duplicate,high,0.830227,,,
angular/profile-card-v33,react/profile-card-v3,duplicate,high,0.859664,,,
angular/profile-card-v33,react/profile-card-v4,duplicate,high,0.904473,,,
angular/profile-card-v33,react/profile-card-v5,duplicate,high,0.873175,,,
angular/profile-card-v33,react/profile-card-v6,duplicate,high,0.910702,,,
react/profile-card-v32,angular/profile-card-v1,near_duplicate,medium,0.777500,,,
react/profile-card-v32,angular/profile-card-v2,duplicate,high,0.890176,,,
react/profile-card-v32,angular/profile-card-v3,near_duplicate,medium,0.777530,,,
react/profile-card-v32,angular/profile-card-v4,duplicate,high,0.858597,,,
react/profile-card-v32,angular/profile-card-v5,duplicate,high,0.873145,,,
react/profile-card-v32,angular/profile-card-v6,near_duplicate,medium,0.805675,,,
vue/profile-card-v24,react/profile-card-v1,near_duplicate,medium,0.762727,,,
vue/profile-card-v24,react/profile-card-v2,duplicate,high,0.838420,,,
vue/profile-card-v24,react/profile-card-v3,duplicate,high,0.867857,,,
vue/profile-card-v24,react/profile-card-v4,duplicate,high,0.902964,,,
vue/profile-card-v24,react/profile-card-v5,duplicate,high,0.890702,,,
vue/profile-card-v24,react/profile-card-v6,duplicate,high,0.893175,,,
angular/profile-card-v25,react/profile-card-v1,near_duplicate,medium,0.758886,,,
angular/profile-card-v25,react/profile-card-v2,duplicate,high,0.892945,,,
angular/profile-card-v25,react/profile-card-v3,duplicate,high,0.882383,,,
angular/profile-card-v25,react/profile-card-v4,duplicate,high,0.893290,,,
angular/profile-card-v25,react/profile-card-v5,duplicate,high,0.854751,,,
angular/profile-card-v25,react/profile-card-v6,duplicate,high,0.876608,,,
react/profile-card-v35,angular/profile-card-v1,near_duplicate,medium,0.768323,,,
react/profile-card-v35,angular/profile-card-v2,duplicate,high,0.898992,,,
react/profile-card-v35,angular/profile-card-v3,near_duplicate,medium,0.791624,,,
react/profile-card-v35,angular/profile-card-v4,duplicate,high,0.867414,,,
react/profile-card-v35,angular/profile-card-v5,duplicate,high,0.863968,,,
react/profile-card-v35,angular/profile-card-v6,near_duplicate,medium,0.800585,,,
angular/profile-card-v28,react/profile-card-v1,near_duplicate,medium,0.811550,,,
angular/profile-card-v28,react/profile-card-v2,duplicate,high,0.836507,,,
angular/profile-card-v28,react/profile-card-v3,duplicate,high,0.888085,,,
angular/profile-card-v28,react/profile-card-v4,duplicate,high,0.898992,,,
angular/profile-card-v28,react/profile-card-v5,duplicate,high,0.840716,,,
angular/profile-card-v28,react/profile-card-v6,duplicate,high,0.834157,,,
react/profile-card-v34,angular/profile-card-v1,near_duplicate,medium,0.774785,,,
react/profile-card-v34,angular/profile-card-v2,duplicate,high,0.873527,,,
react/profile-card-v34,angular/profile-card-v3,near_duplicate,medium,0.725173,,,
react/profile-card-v34,angular/profile-card-v4,duplicate,high,0.855187,,,
react/profile-card-v34,angular/profile-card-v5,duplicate,high,0.859695,,,
react/profile-card-v34,angular/profile-card-v6,near_duplicate,medium,0.750920,,,
react/profile-card-v32,angular/profile-card-v1,near_duplicate,medium,0.777500,,,
react/profile-card-v32,angular/profile-card-v2,duplicate,high,0.890176,,,
react/profile-card-v32,angular/profile-card-v3,near_duplicate,medium,0.777530,,,
react/profile-card-v32,angular/profile-card-v4,duplicate,high,0.858597,,,
react/profile-card-v32,angular/profile-card-v5,duplicate,high,0.873145,,,
react/profile-card-v32,angular/profile-card-v6,near_duplicate,medium,0.805675,,,
react/profile-card-v16,angular/profile-card-v1,near_duplicate,medium,0.785118,,,
react/profile-card-v16,angular/profile-card-v2,duplicate,high,0.915563,,,
react/profile-card-v16,angular/profile-card-v3,near_duplicate,medium,0.798012,,,
react/profile-card-v16,angular/profile-card-v4,duplicate,high,0.897222,,,
react/profile-card-v16,angular/profile-card-v5,duplicate,high,0.876696,,,
react/profile-card-v16,angular/profile-card-v6,near_duplicate,medium,0.806027,,,
vue/profile-card-v7,react/profile-card-v1,near_duplicate,medium,0.777500,,,
vue/profile-card-v7,react/profile-card-v2,duplicate,high,0.846362,,,
vue/profile-card-v7,react/profile-card-v3,duplicate,high,0.878036,,,
vue/profile-card-v7,react/profile-card-v4,duplicate,high,0.875036,,,
vue/profile-card-v7,react/profile-card-v5,near_duplicate,medium,0.814476,,,
vue/profile-card-v7,react/profile-card-v6,duplicate,high,0.853145,,,
angular/profile-card-v12,react/profile-card-v1,near_duplicate,medium,0.807536,,,
angular/profile-card-v12,react/profile-card-v2,duplicate,high,0.873527,,,
angular/profile-card-v12,react/profile-card-v3,duplicate,high,0.902964,,,
angular/profile-card-v12,react/profile-card-v4,duplicate,high,0.925000,,,
angular/profile-card-v12,react/profile-card-v5,duplicate,high,0.868667,,,
angular/profile-card-v12,react/profile-card-v6,duplicate,high,0.890176,,,
angular/profile-card-v27,react/profile-card-v1,near_duplicate,medium,0.807536,,,
angular/profile-card-v27,react/profile-card-v2,duplicate,high,0.873527,,,
angular/profile-card-v27,react/profile-card-v3,duplicate,high,0.902964,,,
angular/profile-card-v27,react/profile-card-v4,duplicate,high,0.925000,,,
angular/profile-card-v27,react/profile-card-v5,duplicate,high,0.868667,,,
angular/profile-card-v27,react/profile-card-v6,duplicate,high,0.890176,,,
react/profile-card-v29,angular/profile-card-v1,near_duplicate,medium,0.769342,,,
react/profile-card-v29,angular/profile-card-v2,duplicate,high,0.905000,,,
react/profile-card-v29,angular/profile-card-v3,near_duplicate,medium,0.796353,,,
react/profile-card-v29,angular/profile-card-v4,duplicate,high,0.895563,,,
react/profile-card-v29,angular/profile-card-v5,duplicate,high,0.875036,,,
react/profile-card-v29,angular/profile-card-v6,near_duplicate,medium,0.795464,,,
angular/profile-card-v19,react/profile-card-v1,duplicate,high,0.895618,,,
angular/profile-card-v19,react/profile-card-v2,near_duplicate,medium,0.714481,,,
angular/profile-card-v19,react/profile-card-v3,near_duplicate,medium,0.766059,,,
angular/profile-card-v19,react/profile-card-v4,near_duplicate,medium,0.801167,,,
angular/profile-card-v19,react/profile-card-v5,near_duplicate,medium,0.718690,,,
angular/profile-card-v19,react/profile-card-v6,near_duplicate,medium,0.730497,,,
angular/profile-card-v9,react/profile-card-v1,near_duplicate,medium,0.769196,,,
angular/profile-card-v9,react/profile-card-v2,duplicate,high,0.869631,,,
angular/profile-card-v9,react/profile-card-v3,duplicate,high,0.873527,,,
angular/profile-card-v9,react/profile-card-v4,duplicate,high,0.895563,,,
angular/profile-card-v9,react/profile-card-v5,duplicate,high,0.857776,,,
angular/profile-card-v9,react/profile-card-v6,duplicate,high,0.872618,,,
angular/profile-card-v23,react/profile-card-v1,near_duplicate,medium,0.742447,,,
angular/profile-card-v23,react/profile-card-v2,duplicate,high,0.828596,,,
angular/profile-card-v23,react/profile-card-v3,duplicate,high,0.846153,,,
angular/profile-card-v23,react/profile-card-v4,duplicate,high,0.898992,,,
angular/profile-card-v23,react/profile-card-v5,duplicate,high,0.840716,,,
angular/profile-card-v23,react/profile-card-v6,duplicate,high,0.869239,,,
angular/profile-card-v5,react/profile-card-v1,near_duplicate,medium,0.769722,,,
angular/profile-card-v5,react/profile-card-v2,duplicate,high,0.887473,,,
angular/profile-card-v5,react/profile-card-v3,duplicate,high,0.898036,,,
angular/profile-card-v5,react/profile-card-v4,duplicate,high,0.895036,,,
angular/profile-card-v5,react/profile-card-v5,duplicate,high,0.827809,,,
angular/profile-card-v5,react/profile-card-v6,duplicate,high,0.873145,,,
angular/profile-card-v13,react/profile-card-v1,near_duplicate,medium,0.762727,,,
angular/profile-card-v13,react/profile-card-v2,duplicate,high,0.838420,,,
angular/profile-card-v13,react/profile-card-v3,duplicate,high,0.867857,,,
angular/profile-card-v13,react/profile-card-v4,duplicate,high,0.902964,,,
angular/profile-card-v13,react/profile-card-v5,duplicate,high,0.890702,,,
angular/profile-card-v13,react/profile-card-v6,duplicate,high,0.893175,,,
react/profile-card-v34,angular/profile-card-v1,near_duplicate,medium,0.774785,,,
react/profile-card-v34,angular/profile-card-v2,duplicate,high,0.873527,,,
react/profile-card-v34,angular/profile-card-v3,near_duplicate,medium,0.725173,,,
react/profile-card-v34,angular/profile-card-v4,duplicate,high,0.855187,,,
react/profile-card-v34,angular/profile-card-v5,duplicate,high,0.859695,,,
react/profile-card-v34,angular/profile-card-v6,near_duplicate,medium,0.750920,,,
react/profile-card-v35,angular/profile-card-v1,near_duplicate,medium,0.768323,,,
react/profile-card-v35,angular/profile-card-v2,duplicate,high,0.898992,,,
react/profile-card-v35,angular/profile-card-v3,near_duplicate,medium,0.791624,,,
react/profile-card-v35,angular/profile-card-v4,duplicate,high,0.867414,,,
react/profile-card-v35,angular/profile-card-v5,duplicate,high,0.863968,,,
react/profile-card-v35,angular/profile-card-v6,near_duplicate,medium,0.800585,,,
react/profile-card-v24,angular/profile-card-v1,near_duplicate,medium,0.799973,,,
react/profile-card-v24,angular/profile-card-v2,duplicate,high,0.888667,,,
react/profile-card-v24,angular/profile-card-v3,near_duplicate,medium,0.727075,,,
react/profile-card-v24,angular/profile-card-v4,duplicate,high,0.857089,,,
react/profile-card-v24,angular/profile-card-v5,duplicate,high,0.895618,,,
react/profile-card-v24,angular/profile-card-v6,near_duplicate,medium,0.766059,,,
vue/profile-card-v18,react/profile-card-v1,near_duplicate,medium,0.726288,,,
vue/profile-card-v18,react/profile-card-v2,duplicate,high,0.836002,,,
vue/profile-card-v18,react/profile-card-v3,duplicate,high,0.853559,,,
vue/profile-card-v18,react/profile-card-v4,duplicate,high,0.888667,,,
vue/profile-card-v18,react/profile-card-v5,duplicate,high,0.863333,,,
vue/profile-card-v18,react/profile-card-v6,duplicate,high,0.865806,,,
angular/profile-card-v22,react/profile-card-v1,duplicate,high,0.825645,,,
angular/profile-card-v22,react/profile-card-v2,duplicate,high,0.841597,,,
angular/profile-card-v22,react/profile-card-v3,duplicate,high,0.893175,,,
angular/profile-card-v22,react/profile-card-v4,duplicate,high,0.890176,,,
angular/profile-card-v22,react/profile-card-v5,near_duplicate,medium,0.797997,,,
angular/profile-card-v22,react/profile-card-v6,near_duplicate,medium,0.803333,,,
vue/profile-card-v16,react/profile-card-v1,near_duplicate,medium,0.744386,,,
vue/profile-card-v16,react/profile-card-v2,duplicate,high,0.820079,,,
vue/profile-card-v16,react/profile-card-v3,duplicate,high,0.858420,,,
vue/profile-card-v16,react/profile-card-v4,duplicate,high,0.893527,,,
vue/profile-card-v16,react/profile-card-v5,duplicate,high,0.859124,,,
vue/profile-card-v16,react/profile-card-v6,duplicate,high,0.861597,,,
vue/profile-card-v31,react/profile-card-v1,near_duplicate,medium,0.765645,,,
vue/profile-card-v31,react/profile-card-v2,duplicate,high,0.895618,,,
vue/profile-card-v31,react/profile-card-v3,duplicate,high,0.873175,,,
vue/profile-card-v31,react/profile-card-v4,duplicate,high,0.870176,,,
vue/profile-card-v31,react/profile-card-v5,duplicate,high,0.874140,,,
vue/profile-card-v31,react/profile-card-v6,duplicate,high,0.865000,,,
react/profile-card-v26,angular/profile-card-v1,near_duplicate,medium,0.785118,,,
react/profile-card-v26,angular/profile-card-v2,duplicate,high,0.915563,,,
react/profile-card-v26,angular/profile-card-v3,near_duplicate,medium,0.798012,,,
react/profile-card-v26,angular/profile-card-v4,duplicate,high,0.897222,,,
react/profile-card-v26,angular/profile-card-v5,duplicate,high,0.904473,,,
react/profile-card-v26,angular/profile-card-v6,near_duplicate,medium,0.806027,,,
vue/profile-card-v32,react/profile-card-v1,near_duplicate,medium,0.788063,,,
vue/profile-card-v32,react/profile-card-v2,duplicate,high,0.878036,,,
vue/profile-card-v32,react/profile-card-v3,duplicate,high,0.907473,,,
vue/profile-card-v32,react/profile-card-v4,duplicate,high,0.904473,,,
vue/profile-card-v32,react/profile-card-v5,duplicate,high,0.873175,,,
vue/profile-card-v32,react/profile-card-v6,duplicate,high,0.870702,,,
react/profile-card-v18,angular/profile-card-v1,near_duplicate,medium,0.755833,,,
react/profile-card-v18,angular/profile-card-v2,duplicate,high,0.870176,,,
react/profile-card-v18,angular/profile-card-v3,near_duplicate,medium,0.791550,,,
react/profile-card-v18,angular/profile-card-v4,duplicate,high,0.872618,,,
react/profile-card-v18,angular/profile-card-v5,near_duplicate,medium,0.813145,,,
react/profile-card-v18,angular/profile-card-v6,near_duplicate,medium,0.785675,,,
angular/profile-card-v36,react/profile-card-v1,duplicate,high,0.857222,,,
angular/profile-card-v36,react/profile-card-v2,near_duplicate,medium,0.724386,,,
angular/profile-card-v36,react/profile-card-v3,near_duplicate,medium,0.762727,,,
angular/profile-card-v36,react/profile-card-v4,near_duplicate,medium,0.807536,,,
angular/profile-card-v36,react/profile-card-v5,near_duplicate,medium,0.754097,,,
angular/profile-card-v36,react/profile-card-v6,near_duplicate,medium,0.751624,,,
react/profile-card-v21,angular/profile-card-v1,near_duplicate,medium,0.805645,,,
react/profile-card-v21,angular/profile-card-v2,duplicate,high,0.895036,,,
react/profile-card-v21,angular/profile-card-v3,near_duplicate,medium,0.760545,,,
react/profile-card-v21,angular/profile-card-v4,duplicate,high,0.876696,,,
react/profile-card-v21,angular/profile-card-v5,duplicate,high,0.885000,,,
react/profile-card-v21,angular/profile-card-v6,near_duplicate,medium,0.810536,,,
angular/profile-card-v25,react/profile-card-v1,near_duplicate,medium,0.758886,,,
angular/profile-card-v25,react/profile-card-v2,duplicate,high,0.892945,,,
angular/profile-card-v25,react/profile-card-v3,duplicate,high,0.882383,,,
angular/profile-card-v25,react/profile-card-v4,duplicate,high,0.893290,,,
angular/profile-card-v25,react/profile-card-v5,duplicate,high,0.854751,,,
angular/profile-card-v25,react/profile-card-v6,duplicate,high,0.876608,,,
react/search-input-v34,angular/search-input-v1,duplicate,high,0.843790,,,
react/search-input-v34,angular/search-input-v2,duplicate,high,0.909900,,,
react/search-input-v34,angular/search-input-v3,duplicate,high,0.846667,,,
react/search-input-v34,angular/search-input-v4,duplicate,high,0.829493,,,
react/search-input-v34,angular/search-input-v5,duplicate,high,0.857229,,,
react/search-input-v34,angular/search-input-v6,duplicate,high,0.902124,,,
vue/search-input-v32,react/search-input-v1,duplicate,high,0.834812,,,
vue/search-input-v32,react/search-input-v2,near_duplicate,medium,0.772222,,,
vue/search-input-v32,react/search-input-v3,near_duplicate,medium,0.788145,,,
vue/search-input-v32,react/search-input-v4,near_duplicate,medium,0.818261,,,
vue/search-input-v32,react/search-input-v5,near_duplicate,medium,0.816013,,,
vue/search-input-v32,react/search-input-v6,near_duplicate,medium,0.788145,,,
react/search-input-v16,angular/search-input-v1,duplicate,high,0.844036,,,
react/search-input-v16,angular/search-input-v2,duplicate,high,0.833401,,,
react/search-input-v16,angular/search-input-v3,duplicate,high,0.867826,,,
react/search-input-v16,angular/search-input-v4,duplicate,high,0.883333,,,
react/search-input-v16,angular/search-input-v5,duplicate,high,0.890268,,,
react/search-input-v16,angular/search-input-v6,duplicate,high,0.852369,,,
vue/search-input-v2,react/search-input-v1,duplicate,high,0.840457,,,
vue/search-input-v2,react/search-input-v2,duplicate,high,0.890268,,,
vue/search-input-v2,react/search-input-v3,duplicate,high,0.860457,,,
vue/search-input-v2,react/search-input-v4,duplicate,high,0.875602,,,
vue/search-input-v2,react/search-input-v5,duplicate,high,0.913145,,,
vue/search-input-v2,react/search-input-v6,duplicate,high,0.860457,,,
vue/search-input-v15,react/search-input-v1,near_duplicate,medium,0.731599,,,
vue/search-input-v15,react/search-input-v2,duplicate,high,0.835843,,,
vue/search-input-v15,react/search-input-v3,near_duplicate,medium,0.806032,,,
vue/search-input-v15,react/search-input-v4,near_duplicate,medium,0.787924,,,
vue/search-input-v15,react/search-input-v5,duplicate,high,0.839712,,,
vue/search-input-v15,react/search-input-v6,near_duplicate,medium,0.806032,,,
angular/search-input-v13,react/search-input-v1,near_duplicate,medium,0.813145,,,
angular/search-input-v13,react/search-input-v2,near_duplicate,medium,0.810556,,,
angular/search-input-v13,react/search-input-v3,near_duplicate,medium,0.792457,,,
angular/search-input-v13,react/search-input-v4,duplicate,high,0.863261,,,
angular/search-input-v13,react/search-input-v5,duplicate,high,0.854346,,,
angular/search-input-v13,react/search-input-v6,near_duplicate,medium,0.792457,,,
react/search-input-v22,angular/search-input-v1,duplicate,high,0.887826,,,
react/search-input-v22,angular/search-input-v2,duplicate,high,0.837269,,,
react/search-input-v22,angular/search-input-v3,duplicate,high,0.890702,,,
react/search-input-v22,angular/search-input-v4,duplicate,high,0.902124,,,
react/search-input-v22,angular/search-input-v5,duplicate,high,0.879124,,,
react/search-input-v22,angular/search-input-v6,duplicate,high,0.829493,,,
vue/search-input-v2,react/search-input-v1,duplicate,high,0.840457,,,
vue/search-input-v2,react/search-input-v2,duplicate,high,0.890268,,,
vue/search-input-v2,react/search-input-v3,duplicate,high,0.860457,,,
vue/search-input-v2,react/search-input-v4,duplicate,high,0.875602,,,
vue/search-input-v2,react/search-input-v5,duplicate,high,0.913145,,,
vue/search-input-v2,react/search-input-v6,duplicate,high,0.860457,,,
angular/search-input-v8,react/search-input-v1,duplicate,high,0.824036,,,
angular/search-input-v8,react/search-input-v2,duplicate,high,0.915563,,,
angular/search-input-v8,react/search-input-v3,duplicate,high,0.910702,,,
angular/search-input-v8,react/search-input-v4,duplicate,high,0.831599,,,
angular/search-input-v8,react/search-input-v5,duplicate,high,0.892686,,,
angular/search-input-v8,react/search-input-v6,duplicate,high,0.910702,,,
angular/search-input-v2,react/search-input-v1,near_duplicate,medium,0.758968,,,
angular/search-input-v2,react/search-input-v2,duplicate,high,0.838261,,,
angular/search-input-v2,react/search-input-v3,duplicate,high,0.833401,,,
angular/search-input-v2,react/search-input-v4,near_duplicate,medium,0.802222,,,
angular/search-input-v2,react/search-input-v5,duplicate,high,0.842129,,,
angular/search-input-v2,react/search-input-v6,duplicate,high,0.833401,,,
react/search-input-v35,angular/search-input-v1,duplicate,high,0.891734,,,
react/search-input-v35,angular/search-input-v2,near_duplicate,medium,0.807924,,,
react/search-input-v35,angular/search-input-v3,duplicate,high,0.875602,,,
react/search-input-v35,angular/search-input-v4,duplicate,high,0.851599,,,
react/search-input-v35,angular/search-input-v5,duplicate,high,0.864024,,,
react/search-input-v35,angular/search-input-v6,near_duplicate,medium,0.778968,,,
angular/search-input-v31,react/search-input-v1,near_duplicate,medium,0.792457,,,
angular/search-input-v31,react/search-input-v2,duplicate,high,0.925000,,,
angular/search-input-v31,react/search-input-v3,duplicate,high,0.913145,,,
angular/search-input-v31,react/search-input-v4,duplicate,high,0.822161,,,
angular/search-input-v31,react/search-input-v5,duplicate,high,0.902124,,,
angular/search-input-v31,react/search-input-v6,duplicate,high,0.913145,,,
react/search-input-v3,angular/search-input-v1,duplicate,high,0.844036,,,
react/search-input-v3,angular/search-input-v2,duplicate,high,0.833401,,,
react/search-input-v3,angular/search-input-v3,duplicate,high,0.867826,,,
react/search-input-v3,angular/search-input-v4,duplicate,high,0.883333,,,
react/search-input-v3,angular/search-input-v5,duplicate,high,0.890268,,,
react/search-input-v3,angular/search-input-v6,duplicate,high,0.852369,,,
react/search-input-v33,angular/search-input-v1,duplicate,high,0.906032,,,
react/search-input-v33,angular/search-input-v2,duplicate,high,0.822222,,,
react/search-input-v33,angular/search-input-v3,duplicate,high,0.889900,,,
react/search-input-v33,angular/search-input-v4,duplicate,high,0.837301,,,
react/search-input-v33,angular/search-input-v5,duplicate,high,0.900463,,,
react/search-input-v33,angular/search-input-v6,near_duplicate,medium,0.793265,,,
react/search-input-v14,angular/search-input-v1,duplicate,high,0.887826,,,
react/search-input-v14,angular/search-input-v2,duplicate,high,0.837269,,,
react/search-input-v14,angular/search-input-v3,duplicate,high,0.890702,,,
react/search-input-v14,angular/search-input-v4,duplicate,high,0.902124,,,
react/search-input-v14,angular/search-input-v5,duplicate,high,0.879124,,,
react/search-input-v14,angular/search-input-v6,duplicate,high,0.829493,,,
react/search-input-v7,angular/search-input-v1,duplicate,high,0.838333,,,
react/search-input-v7,angular/search-input-v2,duplicate,high,0.827698,,,
react/search-input-v7,angular/search-input-v3,duplicate,high,0.868790,,,
react/search-input-v7,angular/search-input-v4,duplicate,high,0.890702,,,
react/search-input-v7,angular/search-input-v5,duplicate,high,0.872686,,,
react/search-input-v7,angular/search-input-v6,duplicate,high,0.846667,,,
react/search-input-v11,angular/search-input-v1,duplicate,high,0.844036,,,
react/search-input-v11,angular/search-input-v2,near_duplicate,medium,0.778968,,,
react/search-input-v11,angular/search-input-v3,duplicate,high,0.867826,,,
react/search-input-v11,angular/search-input-v4,duplicate,high,0.858333,,,
react/search-input-v11,angular/search-input-v5,duplicate,high,0.856248,,,
react/search-input-v11,angular/search-input-v6,near_duplicate,medium,0.785702,,,
react/search-input-v11,angular/search-input-v1,duplicate,high,0.844036,,,
react/search-input-v11,angular/search-input-v2,near_duplicate,medium,0.778968,,,
react/search-input-v11,angular/search-input-v3,duplicate,high,0.867826,,,
react/search-input-v11,angular/search-input-v4,duplicate,high,0.858333,,,
react/search-input-v11,angular/search-input-v5,duplicate,high,0.856248,,,
react/search-input-v11,angular/search-input-v6,near_duplicate,medium,0.785702,,,
vue/search-input-v23,react/search-input-v1,duplicate,high,0.832369,,,
vue/search-input-v23,react/search-input-v2,near_duplicate,medium,0.790563,,,
vue/search-input-v23,react/search-input-v3,near_duplicate,medium,0.785702,,,
vue/search-input-v23,react/search-input-v4,duplicate,high,0.827698,,,
vue/search-input-v23,react/search-input-v5,duplicate,high,0.834353,,,
vue/search-input-v23,react/search-input-v6,near_duplicate,medium,0.785702,,,
react/search-input-v17,angular/search-input-v1,duplicate,high,0.848896,,,
react/search-input-v17,angular/search-input-v2,duplicate,high,0.838261,,,
react/search-input-v17,angular/search-input-v3,duplicate,high,0.872686,,,
react/search-input-v17,angular/search-input-v4,duplicate,high,0.913145,,,
react/search-input-v17,angular/search-input-v5,duplicate,high,0.874346,,,
react/search-input-v17,angular/search-input-v6,duplicate,high,0.857229,,,
angular/search-input-v10,react/search-input-v1,duplicate,high,0.868790,,,
angular/search-input-v10,react/search-input-v2,duplicate,high,0.836248,,,
angular/search-input-v10,react/search-input-v3,duplicate,high,0.840457,,,
angular/search-input-v10,react/search-input-v4,duplicate,high,0.862269,,,
angular/search-input-v10,react/search-input-v5,duplicate,high,0.859124,,,
angular/search-input-v10,react/search-input-v6,duplicate,high,0.840457,,,
react/search-input-v35,angular/search-input-v1,duplicate,high,0.891734,,,
react/search-input-v35,angular/search-input-v2,near_duplicate,medium,0.807924,,,
react/search-input-v35,angular/search-input-v3,duplicate,high,0.875602,,,
react/search-input-v35,angular/search-input-v4,duplicate,high,0.851599,,,
react/search-input-v35,angular/search-input-v5,duplicate,high,0.864024,,,
react/search-input-v35,angular/search-input-v6,near_duplicate,medium,0.778968,,,
react/search-input-v23,angular/search-input-v1,duplicate,high,0.887826,,,
react/search-input-v23,angular/search-input-v2,duplicate,high,0.837269,,,
react/search-input-v23,angular/search-input-v3,duplicate,high,0.890702,,,
react/search-input-v23,angular/search-input-v4,duplicate,high,0.860457,,,
react/search-input-v23,angular/search-input-v5,duplicate,high,0.913145,,,
react/search-input-v23,angular/search-input-v6,duplicate,high,0.829493,,,
vue/search-input-v1,react/search-input-v1,near_duplicate,medium,0.813401,,,
vue/search-input-v1,react/search-input-v2,duplicate,high,0.838261,,,
vue/search-input-v1,react/search-input-v3,duplicate,high,0.833401,,,
vue/search-input-v1,react/search-input-v4,near_duplicate,medium,0.802222,,,
vue/search-input-v1,react/search-input-v5,duplicate,high,0.842129,,,
vue/search-input-v1,react/search-input-v6,duplicate,high,0.833401,,,
angular/search-input-v33,react/search-input-v1,duplicate,high,0.836248,,,
angular/search-input-v33,react/search-input-v2,duplicate,high,0.902124,,,
angular/search-input-v33,react/search-input-v3,duplicate,high,0.890268,,,
angular/search-input-v33,react/search-input-v4,duplicate,high,0.880463,,,
angular/search-input-v33,react/search-input-v5,duplicate,high,0.925000,,,
angular/search-input-v33,react/search-input-v6,duplicate,high,0.890268,,,
react/search-input-v30,angular/search-input-v1,duplicate,high,0.902124,,,
react/search-input-v30,angular/search-input-v2,duplicate,high,0.851567,,,
react/search-input-v30,angular/search-input-v3,duplicate,high,0.905000,,,
react/search-input-v30,angular/search-input-v4,duplicate,high,0.887826,,,
react/search-input-v30,angular/search-input-v5,duplicate,high,0.915563,,,
react/search-input-v30,angular/search-input-v6,duplicate,high,0.843790,,,
angular/search-input-v17,react/search-input-v1,duplicate,high,0.836248,,,
angular/search-input-v17,react/search-input-v2,duplicate,high,0.902124,,,
angular/search-input-v17,react/search-input-v3,duplicate,high,0.890268,,,
angular/search-input-v17,react/search-input-v4,duplicate,high,0.880463,,,
angular/search-input-v17,react/search-input-v5,duplicate,high,0.925000,,,
angular/search-input-v17,react/search-input-v6,duplicate,high,0.890268,,,
react/search-input-v1,angular/search-input-v1,duplicate,high,0.824036,,,
react/search-input-v1,angular/search-input-v2,near_duplicate,medium,0.758968,,,
react/search-input-v1,angular/search-input-v3,duplicate,high,0.854493,,,
react/search-input-v1,angular/search-input-v4,duplicate,high,0.838333,,,
react/search-input-v1,angular/search-input-v5,duplicate,high,0.836248,,,
react/search-input-v1,angular/search-input-v6,near_duplicate,medium,0.765702,,,
angular/search-input-v33,react/search-input-v1,duplicate,high,0.836248,,,
angular/search-input-v33,react/search-input-v2,duplicate,high,0.902124,,,
angular/search-input-v33,react/search-input-v3,duplicate,high,0.890268,,,
angular/search-input-v33,react/search-input-v4,duplicate,high,0.880463,,,
angular/search-input-v33,react/search-input-v5,duplicate,high,0.925000,,,
angular/search-input-v33,react/search-input-v6,duplicate,high,0.890268,,,
angular/search-input-v26,react/search-input-v1,duplicate,high,0.840457,,,
angular/search-input-v26,react/search-input-v2,duplicate,high,0.890268,,,
angular/search-input-v26,react/search-input-v3,duplicate,high,0.860457,,,
angular/search-input-v26,react/search-input-v4,duplicate,high,0.875602,,,
angular/search-input-v26,react/search-input-v5,duplicate,high,0.913145,,,
angular/search-input-v26,react/search-input-v6,duplicate,high,0.860457,,,
vue/search-input-v31,react/search-input-v1,duplicate,high,0.871734,,,
vue/search-input-v31,react/search-input-v2,duplicate,high,0.896594,,,
vue/search-input-v31,react/search-input-v3,duplicate,high,0.891734,,,
vue/search-input-v31,react/search-input-v4,duplicate,high,0.860556,,,
vue/search-input-v31,react/search-input-v5,duplicate,high,0.900463,,,
vue/search-input-v31,react/search-input-v6,duplicate,high,0.891734,,,
react/search-input-v1,angular/search-input-v1,duplicate,high,0.824036,,,
react/search-input-v1,angular/search-input-v2,near_duplicate,medium,0.758968,,,
react/search-input-v1,angular/search-input-v3,duplicate,high,0.854493,,,
react/search-input-v1,angular/search-input-v4,duplicate,high,0.838333,,,
react/search-input-v1,angular/search-input-v5,duplicate,high,0.836248,,,
react/search-input-v1,angular/search-input-v6,near_duplicate,medium,0.765702,,,
angular/search-input-v20,react/search-input-v1,duplicate,high,0.882124,,,
angular/search-input-v20,react/search-input-v2,duplicate,high,0.856248,,,
angular/search-input-v20,react/search-input-v3,duplicate,high,0.860457,,,
angular/search-input-v20,react/search-input-v4,duplicate,high,0.875602,,,
angular/search-input-v20,react/search-input-v5,duplicate,high,0.879124,,,
angular/search-input-v20,react/search-input-v6,duplicate,high,0.860457,,,
vue/search-input-v23,react/search-input-v1,duplicate,high,0.832369,,,
vue/search-input-v23,react/search-input-v2,near_duplicate,medium,0.790563,,,
vue/search-input-v23,react/search-input-v3,near_duplicate,medium,0.785702,,,
vue/search-input-v23,react/search-input-v4,duplicate,high,0.827698,,,
vue/search-input-v23,react/search-input-v5,duplicate,high,0.834353,,,
vue/search-input-v23,react/search-input-v6,near_duplicate,medium,0.785702,,,
react/search-input-v11,angular/search-input-v1,duplicate,high,0.844036,,,
react/search-input-v11,angular/search-input-v2,near_duplicate,medium,0.778968,,,
react/search-input-v11,angular/search-input-v3,duplicate,high,0.867826,,,
react/search-input-v11,angular/search-input-v4,duplicate,high,0.858333,,,
react/search-input-v11,angular/search-input-v5,duplicate,high,0.856248,,,
react/search-input-v11,angular/search-input-v6,near_duplicate,medium,0.785702,,,
vue/search-input-v26,react/search-input-v1,near_duplicate,medium,0.796667,,,
vue/search-input-v26,react/search-input-v2,duplicate,high,0.846478,,,
vue/search-input-v26,react/search-input-v3,duplicate,high,0.858333,,,
vue/search-input-v26,react/search-input-v4,duplicate,high,0.871734,,,
vue/search-input-v26,react/search-input-v5,duplicate,high,0.890268,,,
vue/search-input-v26,react/search-input-v6,duplicate,high,0.858333,,,
angular/search-input-v33,react/search-input-v1,duplicate,high,0.836248,,,
angular/search-input-v33,react/search-input-v2,duplicate,high,0.902124,,,
angular/search-input-v33,react/search-input-v3,duplicate,high,0.890268,,,
angular/search-input-v33,react/search-input-v4,duplicate,high,0.880463,,,
angular/search-input-v33,react/search-input-v5,duplicate,high,0.925000,,,
angular/search-input-v33,react/search-input-v6,duplicate,high,0.890268,,,
react/search-input-v24,angular/search-input-v1,duplicate,high,0.823790,,,
react/search-input-v24,angular/search-input-v2,duplicate,high,0.889900,,,
react/search-input-v24,angular/search-input-v3,duplicate,high,0.833333,,,
react/search-input-v24,angular/search-input-v4,near_duplicate,medium,0.809493,,,
react/search-input-v24,angular/search-input-v5,duplicate,high,0.837229,,,
react/search-input-v24,angular/search-input-v6,duplicate,high,0.882124,,,
angular/search-input-v23,react/search-input-v1,duplicate,high,0.824036,,,
angular/search-input-v23,react/search-input-v2,duplicate,high,0.848896,,,
angular/search-input-v23,react/search-input-v3,duplicate,high,0.844036,,,
angular/search-input-v23,react/search-input-v4,duplicate,high,0.886032,,,
angular/search-input-v23,react/search-input-v5,duplicate,high,0.892686,,,
angular/search-input-v23,react/search-input-v6,duplicate,high,0.844036,,,
angular/search-input-v27,react/search-input-v1,duplicate,high,0.824036,,,
angular/search-input-v27,react/search-input-v2,duplicate,high,0.915563,,,
angular/search-input-v27,react/search-input-v3,duplicate,high,0.910702,,,
angular/search-input-v27,react/search-input-v4,duplicate,high,0.831599,,,
angular/search-input-v27,react/search-input-v5,duplicate,high,0.892686,,,
angular/search-input-v27,react/search-input-v6,duplicate,high,0.910702,,,
react/search-input-v7,angular/search-input-v1,duplicate,high,0.838333,,,
react/search-input-v7,angular/search-input-v2,duplicate,high,0.827698,,,
react/search-input-v7,angular/search-input-v3,duplicate,high,0.868790,,,
react/search-input-v7,angular/search-input-v4,duplicate,high,0.890702,,,
react/search-input-v7,angular/search-input-v5,duplicate,high,0.872686,,,
react/search-input-v7,angular/search-input-v6,duplicate,high,0.846667,,,
react/search-input-v35,angular/search-input-v1,duplicate,high,0.891734,,,
react/search-input-v35,angular/search-input-v2,near_duplicate,medium,0.807924,,,
react/search-input-v35,angular/search-input-v3,duplicate,high,0.875602,,,
react/search-input-v35,angular/search-input-v4,duplicate,high,0.851599,,,
react/search-input-v35,angular/search-input-v5,duplicate,high,0.864024,,,
react/search-input-v35,angular/search-input-v6,near_duplicate,medium,0.778968,,,
react/search-input-v2,angular/search-input-v1,duplicate,high,0.848896,,,
react/search-input-v2,angular/search-input-v2,duplicate,high,0.838261,,,
react/search-input-v2,angular/search-input-v3,duplicate,high,0.872686,,,
react/search-input-v2,angular/search-input-v4,duplicate,high,0.879124,,,
react/search-input-v2,angular/search-input-v5,duplicate,high,0.902124,,,
react/search-input-v2,angular/search-input-v6,duplicate,high,0.857229,,,
angular/search-input-v28,react/search-input-v1,duplicate,high,0.905000,,,
angular/search-input-v28,react/search-input-v2,near_duplicate,medium,0.812457,,,
angular/search-input-v28,react/search-input-v3,near_duplicate,medium,0.816667,,,
angular/search-input-v28,react/search-input-v4,duplicate,high,0.871734,,,
angular/search-input-v28,react/search-input-v5,duplicate,high,0.856248,,,
angular/search-input-v28,react/search-input-v6,near_duplicate,medium,0.816667,,,
vue/search-input-v29,react/search-input-v1,duplicate,high,0.867826,,,
vue/search-input-v29,react/search-input-v2,duplicate,high,0.892686,,,
vue/search-input-v29,react/search-input-v3,duplicate,high,0.887826,,,
vue/search-input-v29,react/search-input-v4,duplicate,high,0.889900,,,
vue/search-input-v29,react/search-input-v5,duplicate,high,0.915563,,,
vue/search-input-v29,react/search-input-v6,duplicate,high,0.887826,,,
vue/search-input-v30,react/search-input-v1,duplicate,high,0.867826,,,
vue/search-input-v30,react/search-input-v2,duplicate,high,0.892686,,,
vue/search-input-v30,react/search-input-v3,duplicate,high,0.887826,,,
vue/search-input-v30,react/search-input-v4,duplicate,high,0.889900,,,
vue/search-input-v30,react/search-input-v5,duplicate,high,0.915563,,,
vue/search-input-v30,react/search-input-v6,duplicate,high,0.887826,,,
vue/search-input-v25,react/search-input-v1,duplicate,high,0.867826,,,
vue/search-input-v25,react/search-input-v2,duplicate,high,0.892686,,,
vue/search-input-v25,react/search-input-v3,duplicate,high,0.887826,,,
vue/search-input-v25,react/search-input-v4,duplicate,high,0.889900,,,
vue/search-input-v25,react/search-input-v5,duplicate,high,0.915563,,,
vue/search-input-v25,react/search-input-v6,duplicate,high,0.887826,,,
angular/search-input-v15,react/search-input-v1,near_duplicate,medium,0.731599,,,
angular/search-input-v15,react/search-input-v2,duplicate,high,0.835843,,,
angular/search-input-v15,react/search-input-v3,duplicate,high,0.847698,,,
angular/search-input-v15,react/search-input-v4,near_duplicate,medium,0.787924,,,
angular/search-input-v15,react/search-input-v5,duplicate,high,0.839712,,,
angular/search-input-v15,react/search-input-v6,duplicate,high,0.847698,,,
react/search-input-v25,angular/search-input-v1,duplicate,high,0.823790,,,
react/search-input-v25,angular/search-input-v2,duplicate,high,0.889900,,,
react/search-input-v25,angular/search-input-v3,duplicate,high,0.833333,,,
react/search-input-v25,angular/search-input-v4,near_duplicate,medium,0.809493,,,
react/search-input-v25,angular/search-input-v5,duplicate,high,0.837229,,,
react/search-input-v25,angular/search-input-v6,duplicate,high,0.882124,,,
react/search-input-v16,angular/search-input-v1,duplicate,high,0.844036,,,
react/search-input-v16,angular/search-input-v2,duplicate,high,0.833401,,,
react/search-input-v16,angular/search-input-v3,duplicate,high,0.867826,,,
react/search-input-v16,angular/search-input-v4,duplicate,high,0.883333,,,
react/search-input-v16,angular/search-input-v5,duplicate,high,0.890268,,,
react/search-input-v16,angular/search-input-v6,duplicate,high,0.852369,,,
react/search-input-v32,angular/search-input-v1,duplicate,high,0.902124,,,
react/search-input-v32,angular/search-input-v2,duplicate,high,0.851567,,,
react/search-input-v32,angular/search-input-v3,duplicate,high,0.905000,,,
react/search-input-v32,angular/search-input-v4,duplicate,high,0.887826,,,
react/search-input-v32,angular/search-input-v5,duplicate,high,0.915563,,,
react/search-input-v32,angular/search-input-v6,duplicate,high,0.843790,,,
vue/search-input-v27,react/search-input-v1,near_duplicate,medium,0.777914,,,
vue/search-input-v27,react/search-input-v2,duplicate,high,0.843790,,,
vue/search-input-v27,react/search-input-v3,duplicate,high,0.831935,,,
vue/search-input-v27,react/search-input-v4,duplicate,high,0.822129,,,
vue/search-input-v27,react/search-input-v5,duplicate,high,0.866667,,,
vue/search-input-v27,react/search-input-v6,duplicate,high,0.831935,,,
angular/search-input-v25,react/search-input-v1,duplicate,high,0.826478,,,
angular/search-input-v25,react/search-input-v2,duplicate,high,0.830556,,,
angular/search-input-v25,react/search-input-v3,duplicate,high,0.846478,,,
angular/search-input-v25,react/search-input-v4,duplicate,high,0.876594,,,
angular/search-input-v25,react/search-input-v5,duplicate,high,0.874346,,,
angular/search-input-v25,react/search-input-v6,duplicate,high,0.846478,,,
react/search-input-v21,angular/search-input-v1,duplicate,high,0.829493,,,
react/search-input-v21,angular/search-input-v2,duplicate,high,0.895602,,,
react/search-input-v21,angular/search-input-v3,duplicate,high,0.832369,,,
react/search-input-v21,angular/search-input-v4,near_duplicate,medium,0.802124,,,
react/search-input-v21,angular/search-input-v5,duplicate,high,0.854812,,,
react/search-input-v21,angular/search-input-v6,duplicate,high,0.887826,,,
react/search-input-v16,angular/search-input-v1,duplicate,high,0.844036,,,
react/search-input-v16,angular/search-input-v2,duplicate,high,0.833401,,,
react/search-input-v16,angular/search-input-v3,duplicate,high,0.867826,,,
react/search-input-v16,angular/search-input-v4,duplicate,high,0.883333,,,
react/search-input-v16,angular/search-input-v5,duplicate,high,0.890268,,,
react/search-input-v16,angular/search-input-v6,duplicate,high,0.852369,,,
react/search-input-v26,angular/search-input-v1,duplicate,high,0.915563,,,
react/search-input-v26,angular/search-input-v2,duplicate,high,0.838261,,,
react/search-input-v26,angular/search-input-v3,duplicate,high,0.872686,,,
react/search-input-v26,angular/search-input-v4,duplicate,high,0.846478,,,
react/search-input-v26,angular/search-input-v5,duplicate,high,0.874346,,,
react/search-input-v26,angular/search-input-v6,near_duplicate,medium,0.790563,,,
react/search-input-v15,angular/search-input-v1,duplicate,high,0.858333,,,
react/search-input-v15,angular/search-input-v2,near_duplicate,medium,0.793265,,,
react/search-input-v15,angular/search-input-v3,duplicate,high,0.882124,,,
react/search-input-v15,angular/search-input-v4,duplicate,high,0.844036,,,
react/search-input-v15,angular/search-input-v5,duplicate,high,0.892686,,,
react/search-input-v15,angular/search-input-v6,near_duplicate,medium,0.800000,,,
react/search-input-v2,angular/search-input-v1,duplicate,high,0.848896,,,
react/search-input-v2,angular/search-input-v2,duplicate,high,0.838261,,,
react/search-input-v2,angular/search-input-v3,duplicate,high,0.872686,,,
react/search-input-v2,angular/search-input-v4,duplicate,high,0.879124,,,
react/search-input-v2,angular/search-input-v5,duplicate,high,0.902124,,,
react/search-input-v2,angular/search-input-v6,duplicate,high,0.857229,,,
angular/search-input-v15,react/search-input-v1,near_duplicate,medium,0.731599,,,
angular/search-input-v15,react/search-input-v2,duplicate,high,0.835843,,,
angular/search-input-v15,react/search-input-v3,duplicate,high,0.847698,,,
angular/search-input-v15,react/search-input-v4,near_duplicate,medium,0.787924,,,
angular/search-input-v15,react/search-input-v5,duplicate,high,0.839712,,,
angular/search-input-v15,react/search-input-v6,duplicate,high,0.847698,,,
vue/search-input-v29,react/search-input-v1,duplicate,high,0.867826,,,
vue/search-input-v29,react/search-input-v2,duplicate,high,0.892686,,,
vue/search-input-v29,react/search-input-v3,duplicate,high,0.887826,,,
vue/search-input-v29,react/search-input-v4,duplicate,high,0.889900,,,
vue/search-input-v29,react/search-input-v5,duplicate,high,0.915563,,,
vue/search-input-v29,react/search-input-v6,duplicate,high,0.887826,,,
angular/search-input-v12,react/search-input-v1,duplicate,high,0.863333,,,
angular/search-input-v12,react/search-input-v2,duplicate,high,0.846478,,,
angular/search-input-v12,react/search-input-v3,duplicate,high,0.858333,,,
angular/search-input-v12,react/search-input-v4,duplicate,high,0.871734,,,
angular/search-input-v12,react/search-input-v5,duplicate,high,0.890268,,,
angular/search-input-v12,react/search-input-v6,duplicate,high,0.858333,,,
react/search-input-v12,angular/search-input-v1,duplicate,high,0.892686,,,
react/search-input-v12,angular/search-input-v2,duplicate,high,0.842129,,,
react/search-input-v12,angular/search-input-v3,duplicate,high,0.895563,,,
react/search-input-v12,angular/search-input-v4,duplicate,high,0.890268,,,
react/search-input-v12,angular/search-input-v5,duplicate,high,0.897222,,,
react/search-input-v12,angular/search-input-v6,duplicate,high,0.834353,,,
angular/search-input-v10,react/search-input-v1,duplicate,high,0.868790,,,
angular/search-input-v10,react/search-input-v2,duplicate,high,0.836248,,,
angular/search-input-v10,react/search-input-v3,duplicate,high,0.840457,,,
angular/search-input-v10,react/search-input-v4,duplicate,high,0.862269,,,
angular/search-input-v10,react/search-input-v5,duplicate,high,0.859124,,,
angular/search-input-v10,react/search-input-v6,duplicate,high,0.840457,,,
react/search-input-v14,angular/search-input-v1,duplicate,high,0.887826,,,
react/search-input-v14,angular/search-input-v2,duplicate,high,0.837269,,,
react/search-input-v14,angular/search-input-v3,duplicate,high,0.890702,,,
react/search-input-v14,angular/search-input-v4,duplicate,high,0.902124,,,
react/search-input-v14,angular/search-input-v5,duplicate,high,0.879124,,,
react/search-input-v14,angular/search-input-v6,duplicate,high,0.829493,,,
angular/search-input-v36,react/search-input-v1,near_duplicate,medium,0.810702,,,
angular/search-input-v36,react/search-input-v2,duplicate,high,0.895563,,,
angular/search-input-v36,react/search-input-v3,duplicate,high,0.890702,,,
angular/search-input-v36,react/search-input-v4,near_duplicate,medium,0.818265,,,
angular/search-input-v36,react/search-input-v5,duplicate,high,0.872686,,,
angular/search-input-v36,react/search-input-v6,duplicate,high,0.890702,,,
react/search-input-v3,angular/search-input-v1,duplicate,high,0.844036,,,
react/search-input-v3,angular/search-input-v2,duplicate,high,0.833401,,,
react/search-input-v3,angular/search-input-v3,duplicate,high,0.867826,,,
react/search-input-v3,angular/search-input-v4,duplicate,high,0.883333,,,
react/search-input-v3,angular/search-input-v5,duplicate,high,0.890268,,,
react/search-input-v3,angular/search-input-v6,duplicate,high,0.852369,,,
react/search-input-v33,angular/search-input-v1,duplicate,high,0.906032,,,
react/search-input-v33,angular/search-input-v2,duplicate,high,0.822222,,,
react/search-input-v33,angular/search-input-v3,duplicate,high,0.889900,,,
react/search-input-v33,angular/search-input-v4,duplicate,high,0.837301,,,
react/search-input-v33,angular/search-input-v5,duplicate,high,0.900463,,,
react/search-input-v33,angular/search-input-v6,near_duplicate,medium,0.793265,,,
angular/search-input-v36,react/search-input-v1,near_duplicate,medium,0.810702,,,
angular/search-input-v36,react/search-input-v2,duplicate,high,0.895563,,,
angular/search-input-v36,react/search-input-v3,duplicate,high,0.890702,,,
angular/search-input-v36,react/search-input-v4,near_duplicate,medium,0.818265,,,
angular/search-input-v36,react/search-input-v5,duplicate,high,0.872686,,,
angular/search-input-v36,react/search-input-v6,duplicate,high,0.890702,,,
react/search-input-v25,angular/search-input-v1,duplicate,high,0.823790,,,
react/search-input-v25,angular/search-input-v2,duplicate,high,0.889900,,,
react/search-input-v25,angular/search-input-v3,duplicate,high,0.833333,,,
react/search-input-v25,angular/search-input-v4,near_duplicate,medium,0.809493,,,
react/search-input-v25,angular/search-input-v5,duplicate,high,0.837229,,,
react/search-input-v25,angular/search-input-v6,duplicate,high,0.882124,,,
vue/search-input-v22,react/search-input-v1,duplicate,high,0.867826,,,
vue/search-input-v22,react/search-input-v2,duplicate,high,0.892686,,,
vue/search-input-v22,react/search-input-v3,duplicate,high,0.887826,,,
vue/search-input-v22,react/search-input-v4,duplicate,high,0.889900,,,
vue/search-input-v22,react/search-input-v5,duplicate,high,0.915563,,,
vue/search-input-v22,react/search-input-v6,duplicate,high,0.887826,,,
angular/search-input-v35,react/search-input-v1,duplicate,high,0.840457,,,
angular/search-input-v35,react/search-input-v2,duplicate,high,0.890268,,,
angular/search-input-v35,react/search-input-v3,duplicate,high,0.902124,,,
angular/search-input-v35,react/search-input-v4,duplicate,high,0.875602,,,
angular/search-input-v35,react/search-input-v5,duplicate,high,0.913145,,,
angular/search-input-v35,react/search-input-v6,duplicate,high,0.902124,,,
angular/search-input-v22,react/search-input-v1,duplicate,high,0.846667,,,
angular/search-input-v22,react/search-input-v2,near_duplicate,medium,0.754124,,,
angular/search-input-v22,react/search-input-v3,near_duplicate,medium,0.758333,,,
angular/search-input-v22,react/search-input-v4,near_duplicate,medium,0.813401,,,
angular/search-input-v22,react/search-input-v5,near_duplicate,medium,0.797914,,,
angular/search-input-v22,react/search-input-v6,near_duplicate,medium,0.758333,,,
angular/table-report-v23,react/table-report-v1,duplicate,high,0.909247,,,
angular/table-report-v23,react/table-report-v2,duplicate,high,0.823060,,,
angular/table-report-v23,react/table-report-v3,duplicate,high,0.914951,,,
angular/table-report-v23,react/table-report-v4,duplicate,high,0.910480,,,
angular/table-report-v23,react/table-report-v5,duplicate,high,0.904777,,,
angular/table-report-v23,react/table-report-v6,duplicate,high,0.915029,,,
vue/table-report-v22,react/table-report-v1,near_duplicate,medium,0.775789,,,
vue/table-report-v22,react/table-report-v2,duplicate,high,0.904030,,,
vue/table-report-v22,react/table-report-v3,near_duplicate,medium,0.805126,,,
vue/table-report-v22,react/table-report-v4,near_duplicate,medium,0.814594,,,
vue/table-report-v22,react/table-report-v5,near_duplicate,medium,0.786963,,,
vue/table-report-v22,react/table-report-v6,near_duplicate,medium,0.804845,,,
vue/table-report-v28,react/table-report-v1,duplicate,high,0.892669,,,
vue/table-report-v28,react/table-report-v2,near_duplicate,medium,0.771344,,,
vue/table-report-v28,react/table-report-v3,duplicate,high,0.877190,,,
vue/table-report-v28,react/table-report-v4,duplicate,high,0.857695,,,
vue/table-report-v28,react/table-report-v5,duplicate,high,0.880800,,,
vue/table-report-v28,react/table-report-v6,duplicate,high,0.877222,,,
vue/table-report-v13,react/table-report-v1,duplicate,high,0.822440,,,
vue/table-report-v13,react/table-report-v2,duplicate,high,0.909552,,,
vue/table-report-v13,react/table-report-v3,duplicate,high,0.826861,,,
vue/table-report-v13,react/table-report-v4,duplicate,high,0.820746,,,
vue/table-report-v13,react/table-report-v5,near_duplicate,medium,0.815043,,,
vue/table-report-v13,react/table-report-v6,duplicate,high,0.826493,,,
angular/table-report-v28,react/table-report-v1,duplicate,high,0.911399,,,
angular/table-report-v28,react/table-report-v2,duplicate,high,0.824058,,,
angular/table-report-v28,react/table-report-v3,duplicate,high,0.895064,,,
angular/table-report-v28,react/table-report-v4,duplicate,high,0.910869,,,
angular/table-report-v28,react/table-report-v5,duplicate,high,0.893287,,,
angular/table-report-v28,react/table-report-v6,duplicate,high,0.894632,,,
angular/table-report-v17,react/table-report-v1,duplicate,high,0.889594,,,
angular/table-report-v17,react/table-report-v2,near_duplicate,medium,0.802868,,,
angular/table-report-v17,react/table-report-v3,duplicate,high,0.895279,,,
angular/table-report-v17,react/table-report-v4,duplicate,high,0.889677,,,
angular/table-report-v17,react/table-report-v5,duplicate,high,0.890642,,,
angular/table-report-v17,react/table-report-v6,duplicate,high,0.895423,,,
vue/table-report-v13,react/table-report-v1,duplicate,high,0.822440,,,
vue/table-report-v13,react/table-report-v2,duplicate,high,0.909552,,,
vue/table-report-v13,react/table-report-v3,duplicate,high,0.826861,,,
vue/table-report-v13,react/table-report-v4,duplicate,high,0.820746,,,
vue/table-report-v13,react/table-report-v5,near_duplicate,medium,0.815043,,,
vue/table-report-v13,react/table-report-v6,duplicate,high,0.826493,,,
react/table-report-v23,angular/table-report-v1,duplicate,high,0.910659,,,
react/table-report-v23,angular/table-report-v2,duplicate,high,0.910117,,,
react/table-report-v23,angular/table-report-v3,duplicate,high,0.908179,,,
react/table-report-v23,angular/table-report-v4,duplicate,high,0.893295,,,
react/table-report-v23,angular/table-report-v5,duplicate,high,0.910199,,,
react/table-report-v23,angular/table-report-v6,duplicate,high,0.910117,,,
react/table-report-v25,angular/table-report-v1,duplicate,high,0.863056,,,
react/table-report-v25,angular/table-report-v2,duplicate,high,0.861490,,,
react/table-report-v25,angular/table-report-v3,duplicate,high,0.903350,,,
react/table-report-v25,angular/table-report-v4,duplicate,high,0.877748,,,
react/table-report-v25,angular/table-report-v5,duplicate,high,0.863333,,,
react/table-report-v25,angular/table-report-v6,duplicate,high,0.861490,,,
vue/table-report-v36,react/table-report-v1,duplicate,high,0.889114,,,
vue/table-report-v36,react/table-report-v2,near_duplicate,medium,0.802555,,,
vue/table-report-v36,react/table-report-v3,duplicate,high,0.894106,,,
vue/table-report-v36,react/table-report-v4,duplicate,high,0.889939,,,
vue/table-report-v36,react/table-report-v5,duplicate,high,0.890904,,,
vue/table-report-v36,react/table-report-v6,duplicate,high,0.893869,,,
vue/table-report-v8,react/table-report-v1,near_duplicate,medium,0.791373,,,
vue/table-report-v8,react/table-report-v2,duplicate,high,0.912893,,,
vue/table-report-v8,react/table-report-v3,duplicate,high,0.837191,,,
vue/table-report-v8,react/table-report-v4,duplicate,high,0.824291,,,
vue/table-report-v8,react/table-report-v5,near_duplicate,medium,0.806709,,,
vue/table-report-v8,react/table-report-v6,duplicate,high,0.836994,,,
vue/table-report-v6,react/table-report-v1,duplicate,high,0.892250,,,
vue/table-report-v6,react/table-report-v2,near_duplicate,medium,0.805123,,,
vue/table-report-v6,react/table-report-v3,duplicate,high,0.876443,,,
vue/table-report-v6,react/table-report-v4,duplicate,high,0.891889,,,
vue/table-report-v6,react/table-report-v5,duplicate,high,0.880973,,,
vue/table-report-v6,react/table-report-v6,duplicate,high,0.876251,,,
angular/table-report-v27,react/table-report-v1,duplicate,high,0.911649,,,
angular/table-report-v27,react/table-report-v2,duplicate,high,0.825371,,,
angular/table-report-v27,react/table-report-v3,duplicate,high,0.896210,,,
angular/table-report-v27,react/table-report-v4,duplicate,high,0.912885,,,
angular/table-report-v27,react/table-report-v5,duplicate,high,0.895302,,,
angular/table-report-v27,react/table-report-v6,duplicate,high,0.896116,,,
react/table-report-v8,angular/table-report-v1,near_duplicate,medium,0.794091,,,
react/table-report-v8,angular/table-report-v2,near_duplicate,medium,0.792132,,,
react/table-report-v8,angular/table-report-v3,near_duplicate,medium,0.795543,,,
react/table-report-v8,angular/table-report-v4,near_duplicate,medium,0.805645,,,
react/table-report-v8,angular/table-report-v5,near_duplicate,medium,0.794457,,,
react/table-report-v8,angular/table-report-v6,duplicate,high,0.833799,,,
vue/table-report-v34,react/table-report-v1,duplicate,high,0.891349,,,
vue/table-report-v34,react/table-report-v2,near_duplicate,medium,0.804917,,,
vue/table-report-v34,react/table-report-v3,duplicate,high,0.875747,,,
vue/table-report-v34,react/table-report-v4,duplicate,high,0.892371,,,
vue/table-report-v34,react/table-report-v5,duplicate,high,0.881455,,,
vue/table-report-v34,react/table-report-v6,duplicate,high,0.875564,,,
vue/table-report-v7,react/table-report-v1,duplicate,high,0.825349,,,
vue/table-report-v7,react/table-report-v2,duplicate,high,0.878299,,,
vue/table-report-v7,react/table-report-v3,near_duplicate,medium,0.809354,,,
vue/table-report-v7,react/table-report-v4,near_duplicate,medium,0.789123,,,
vue/table-report-v7,react/table-report-v5,near_duplicate,medium,0.805561,,,
vue/table-report-v7,react/table-report-v6,near_duplicate,medium,0.809198,,,
react/table-report-v10,angular/table-report-v1,duplicate,high,0.883016,,,
react/table-report-v10,angular/table-report-v2,duplicate,high,0.881642,,,
react/table-report-v10,angular/table-report-v3,duplicate,high,0.882490,,,
react/table-report-v10,angular/table-report-v4,duplicate,high,0.892549,,,
react/table-report-v10,angular/table-report-v5,duplicate,high,0.883095,,,
react/table-report-v10,angular/table-report-v6,duplicate,high,0.923308,,,
react/table-report-v13,angular/table-report-v1,duplicate,high,0.924682,,,
react/table-report-v13,angular/table-report-v2,duplicate,high,0.923308,,,
react/table-report-v13,angular/table-report-v3,duplicate,high,0.882490,,,
react/table-report-v13,angular/table-report-v4,duplicate,high,0.892549,,,
react/table-report-v13,angular/table-report-v5,duplicate,high,0.924762,,,
react/table-report-v13,angular/table-report-v6,duplicate,high,0.881642,,,
angular/table-report-v14,react/table-report-v1,near_duplicate,medium,0.816248,,,
angular/table-report-v14,react/table-report-v2,duplicate,high,0.863254,,,
angular/table-report-v14,react/table-report-v3,near_duplicate,medium,0.771050,,,
angular/table-report-v14,react/table-report-v4,near_duplicate,medium,0.775605,,,
angular/table-report-v14,react/table-report-v5,duplicate,high,0.822974,,,
angular/table-report-v14,react/table-report-v6,near_duplicate,medium,0.771062,,,
react/table-report-v32,angular/table-report-v1,duplicate,high,0.825380,,,
react/table-report-v32,angular/table-report-v2,duplicate,high,0.825261,,,
react/table-report-v32,angular/table-report-v3,near_duplicate,medium,0.788706,,,
react/table-report-v32,angular/table-report-v4,near_duplicate,medium,0.814867,,,
react/table-report-v32,angular/table-report-v5,duplicate,high,0.824560,,,
react/table-report-v32,angular/table-report-v6,duplicate,high,0.825261,,,
angular/table-report-v18,react/table-report-v1,duplicate,high,0.911893,,,
angular/table-report-v18,react/table-report-v2,near_duplicate,medium,0.791545,,,
angular/table-report-v18,react/table-report-v3,duplicate,high,0.896648,,,
angular/table-report-v18,react/table-report-v4,duplicate,high,0.878896,,,
angular/table-report-v18,react/table-report-v5,duplicate,high,0.895334,,,
angular/table-report-v18,react/table-report-v6,duplicate,high,0.896660,,,
vue/table-report-v15,react/table-report-v1,duplicate,high,0.883040,,,
vue/table-report-v15,react/table-report-v2,duplicate,high,0.837028,,,
vue/table-report-v15,react/table-report-v3,duplicate,high,0.912606,,,
vue/table-report-v15,react/table-report-v4,duplicate,high,0.923325,,,
vue/table-report-v15,react/table-report-v5,duplicate,high,0.889027,,,
vue/table-report-v15,react/table-report-v6,duplicate,high,0.912337,,,
react/table-report-v14,angular/table-report-v1,duplicate,high,0.908681,,,
react/table-report-v14,angular/table-report-v2,duplicate,high,0.907342,,,
react/table-report-v14,angular/table-report-v3,duplicate,high,0.910702,,,
react/table-report-v14,angular/table-report-v4,duplicate,high,0.895272,,,
react/table-report-v14,angular/table-report-v5,duplicate,high,0.909053,,,
react/table-report-v14,angular/table-report-v6,duplicate,high,0.907342,,,
angular/table-report-v29,react/table-report-v1,duplicate,high,0.890627,,,
angular/table-report-v29,react/table-report-v2,near_duplicate,medium,0.805079,,,
angular/table-report-v29,react/table-report-v3,duplicate,high,0.875718,,,
angular/table-report-v29,react/table-report-v4,duplicate,high,0.893145,,,
angular/table-report-v29,react/table-report-v5,duplicate,high,0.882229,,,
angular/table-report-v29,react/table-report-v6,duplicate,high,0.875793,,,
vue/table-report-v5,react/table-report-v1,duplicate,high,0.911440,,,
vue/table-report-v5,react/table-report-v2,duplicate,high,0.825382,,,
vue/table-report-v5,react/table-report-v3,duplicate,high,0.896514,,,
vue/table-report-v5,react/table-report-v4,duplicate,high,0.912866,,,
vue/table-report-v5,react/table-report-v5,duplicate,high,0.895283,,,
vue/table-report-v5,react/table-report-v6,duplicate,high,0.896653,,,
angular/table-report-v6,react/table-report-v1,duplicate,high,0.923254,,,
angular/table-report-v6,react/table-report-v2,near_duplicate,medium,0.794246,,,
angular/table-report-v6,react/table-report-v3,duplicate,high,0.876966,,,
angular/table-report-v6,react/table-report-v4,duplicate,high,0.881058,,,
angular/table-report-v6,react/table-report-v5,duplicate,high,0.888427,,,
angular/table-report-v6,react/table-report-v6,duplicate,high,0.876534,,,
angular/table-report-v20,react/table-report-v1,duplicate,high,0.835911,,,
angular/table-report-v20,react/table-report-v2,duplicate,high,0.882686,,,
angular/table-report-v20,react/table-report-v3,near_duplicate,medium,0.790167,,,
angular/table-report-v20,react/table-report-v4,near_duplicate,medium,0.795071,,,
angular/table-report-v20,react/table-report-v5,near_duplicate,medium,0.802439,,,
angular/table-report-v20,react/table-report-v6,near_duplicate,medium,0.789931,,,
angular/table-report-v34,react/table-report-v1,duplicate,high,0.909704,,,
angular/table-report-v34,react/table-report-v2,duplicate,high,0.822711,,,
angular/table-report-v34,react/table-report-v3,duplicate,high,0.914529,,,
angular/table-report-v34,react/table-report-v4,duplicate,high,0.909685,,,
angular/table-report-v34,react/table-report-v5,duplicate,high,0.903982,,,
angular/table-report-v34,react/table-report-v6,duplicate,high,0.914271,,,
vue/table-report-v24,react/table-report-v1,duplicate,high,0.825645,,,
vue/table-report-v24,react/table-report-v2,duplicate,high,0.912432,,,
vue/table-report-v24,react/table-report-v3,near_duplicate,medium,0.809452,,,
vue/table-report-v24,react/table-report-v4,duplicate,high,0.823127,,,
vue/table-report-v24,react/table-report-v5,near_duplicate,medium,0.805545,,,
vue/table-report-v24,react/table-report-v6,near_duplicate,medium,0.809246,,,
angular/table-report-v15,react/table-report-v1,duplicate,high,0.860627,,,
angular/table-report-v15,react/table-report-v2,near_duplicate,medium,0.816615,,,
angular/table-report-v15,react/table-report-v3,duplicate,high,0.891306,,,
angular/table-report-v15,react/table-report-v4,duplicate,high,0.904640,,,
angular/table-report-v15,react/table-report-v5,duplicate,high,0.877009,,,
angular/table-report-v15,react/table-report-v6,duplicate,high,0.891296,,,
vue/table-report-v5,react/table-report-v1,duplicate,high,0.911440,,,
vue/table-report-v5,react/table-report-v2,duplicate,high,0.825382,,,
vue/table-report-v5,react/table-report-v3,duplicate,high,0.896514,,,
vue/table-report-v5,react/table-report-v4,duplicate,high,0.912866,,,
vue/table-report-v5,react/table-report-v5,duplicate,high,0.895283,,,
vue/table-report-v5,react/table-report-v6,duplicate,high,0.896653,,,
react/table-report-v1,angular/table-report-v1,duplicate,high,0.881833,,,
react/table-report-v1,angular/table-report-v2,duplicate,high,0.881587,,,
react/table-report-v1,angular/table-report-v3,duplicate,high,0.881604,,,
react/table-report-v1,angular/table-report-v4,duplicate,high,0.891696,,,
react/table-report-v1,angular/table-report-v5,duplicate,high,0.880935,,,
react/table-report-v1,angular/table-report-v6,duplicate,high,0.923254,,,
react/table-report-v3,angular/table-report-v1,duplicate,high,0.911959,,,
react/table-report-v3,angular/table-report-v2,duplicate,high,0.910987,,,
react/table-report-v3,angular/table-report-v3,duplicate,high,0.912400,,,
react/table-report-v3,angular/table-report-v4,duplicate,high,0.876752,,,
react/table-report-v3,angular/table-report-v5,duplicate,high,0.911608,,,
react/table-report-v3,angular/table-report-v6,duplicate,high,0.876966,,,
vue/table-report-v2,react/table-report-v1,duplicate,high,0.904458,,,
vue/table-report-v2,react/table-report-v2,near_duplicate,medium,0.775683,,,
vue/table-report-v2,react/table-report-v3,duplicate,high,0.858691,,,
vue/table-report-v2,react/table-report-v4,duplicate,high,0.862444,,,
vue/table-report-v2,react/table-report-v5,duplicate,high,0.876480,,,
vue/table-report-v2,react/table-report-v6,duplicate,high,0.858520,,,
angular/table-report-v10,react/table-report-v1,duplicate,high,0.883082,,,
angular/table-report-v10,react/table-report-v2,duplicate,high,0.837248,,,
angular/table-report-v10,react/table-report-v3,duplicate,high,0.912836,,,
angular/table-report-v10,react/table-report-v4,duplicate,high,0.923647,,,
angular/table-report-v10,react/table-report-v5,duplicate,high,0.889349,,,
angular/table-report-v10,react/table-report-v6,duplicate,high,0.912639,,,
vue/table-report-v3,react/table-report-v1,duplicate,high,0.924198,,,
vue/table-report-v3,react/table-report-v2,near_duplicate,medium,0.795644,,,
vue/table-report-v3,react/table-report-v3,duplicate,high,0.878980,,,
vue/table-report-v3,react/table-report-v4,duplicate,high,0.882360,,,
vue/table-report-v3,react/table-report-v5,duplicate,high,0.889729,,,
vue/table-report-v3,react/table-report-v6,duplicate,high,0.879060,,,
angular/table-report-v3,react/table-report-v1,duplicate,high,0.881604,,,
angular/table-report-v3,react/table-report-v2,near_duplicate,medium,0.795009,,,
angular/table-report-v3,react/table-report-v3,duplicate,high,0.912400,,,
angular/table-report-v3,react/table-report-v4,duplicate,high,0.881909,,,
angular/table-report-v3,react/table-report-v5,duplicate,high,0.889278,,,
angular/table-report-v3,react/table-report-v6,duplicate,high,0.912583,,,
react/table-report-v28,angular/table-report-v1,duplicate,high,0.923814,,,
react/table-report-v28,angular/table-report-v2,duplicate,high,0.922842,,,
react/table-report-v28,angular/table-report-v3,duplicate,high,0.882589,,,
react/table-report-v28,angular/table-report-v4,duplicate,high,0.892675,,,
react/table-report-v28,angular/table-report-v5,duplicate,high,0.923463,,,
react/table-report-v28,angular/table-report-v6,duplicate,high,0.881176,,,
angular/table-report-v26,react/table-report-v1,duplicate,high,0.890226,,,
angular/table-report-v26,react/table-report-v2,near_duplicate,medium,0.802923,,,
angular/table-report-v26,react/table-report-v3,duplicate,high,0.895530,,,
angular/table-report-v26,react/table-report-v4,duplicate,high,0.889273,,,
angular/table-report-v26,react/table-report-v5,duplicate,high,0.890237,,,
angular/table-report-v26,react/table-report-v6,duplicate,high,0.895563,,,
vue/table-report-v18,react/table-report-v1,duplicate,high,0.889460,,,
vue/table-report-v18,react/table-report-v2,near_duplicate,medium,0.802450,,,
vue/table-report-v18,react/table-report-v3,duplicate,high,0.894293,,,
vue/table-report-v18,react/table-report-v4,duplicate,high,0.889427,,,
vue/table-report-v18,react/table-report-v5,duplicate,high,0.890392,,,
vue/table-report-v18,react/table-report-v6,duplicate,high,0.894015,,,
react/table-report-v5,angular/table-report-v1,duplicate,high,0.890240,,,
react/table-report-v5,angular/table-report-v2,duplicate,high,0.888427,,,
react/table-report-v5,angular/table-report-v3,duplicate,high,0.889278,,,
react/table-report-v5,angular/table-report-v4,duplicate,high,0.881100,,,
react/table-report-v5,angular/table-report-v5,duplicate,high,0.890669,,,
react/table-report-v5,angular/table-report-v6,duplicate,high,0.888427,,,
vue/table-report-v27,react/table-report-v1,duplicate,high,0.910432,,,
vue/table-report-v27,react/table-report-v2,duplicate,high,0.822953,,,
vue/table-report-v27,react/table-report-v3,duplicate,high,0.915563,,,
vue/table-report-v27,react/table-report-v4,duplicate,high,0.909198,,,
vue/table-report-v27,react/table-report-v5,duplicate,high,0.903496,,,
vue/table-report-v27,react/table-report-v6,duplicate,high,0.915530,,,
angular/table-report-v18,react/table-report-v1,duplicate,high,0.911893,,,
angular/table-report-v18,react/table-report-v2,near_duplicate,medium,0.791545,,,
angular/table-report-v18,react/table-report-v3,duplicate,high,0.896648,,,
angular/table-report-v18,react/table-report-v4,duplicate,high,0.878896,,,
angular/table-report-v18,react/table-report-v5,duplicate,high,0.895334,,,
angular/table-report-v18,react/table-report-v6,duplicate,high,0.896660,,,
vue/table-report-v6,react/table-report-v1,duplicate,high,0.892250,,,
vue/table-report-v6,react/table-report-v2,near_duplicate,medium,0.805123,,,
vue/table-report-v6,react/table-report-v3,duplicate,high,0.876443,,,
vue/table-report-v6,react/table-report-v4,duplicate,high,0.891889,,,
vue/table-report-v6,react/table-report-v5,duplicate,high,0.880973,,,
vue/table-report-v6,react/table-report-v6,duplicate,high,0.876251,,,
angular/table-report-v13,react/table-report-v1,duplicate,high,0.883038,,,
angular/table-report-v13,react/table-report-v2,duplicate,high,0.836675,,,
angular/table-report-v13,react/table-report-v3,duplicate,high,0.912776,,,
angular/table-report-v13,react/table-report-v4,duplicate,high,0.922499,,,
angular/table-report-v13,react/table-report-v5,duplicate,high,0.888201,,,
angular/table-report-v13,react/table-report-v6,duplicate,high,0.912620,,,
angular/table-report-v5,react/table-report-v1,duplicate,high,0.880935,,,
angular/table-report-v5,react/table-report-v2,duplicate,high,0.836944,,,
angular/table-report-v5,react/table-report-v3,duplicate,high,0.911608,,,
angular/table-report-v5,react/table-report-v4,duplicate,high,0.924967,,,
angular/table-report-v5,react/table-report-v5,duplicate,high,0.890669,,,
angular/table-report-v5,react/table-report-v6,duplicate,high,0.911619,,,
react/table-report-v29,angular/table-report-v1,duplicate,high,0.923557,,,
react/table-report-v29,angular/table-report-v2,duplicate,high,0.923534,,,
react/table-report-v29,angular/table-report-v3,duplicate,high,0.882571,,,
react/table-report-v29,angular/table-report-v4,duplicate,high,0.892014,,,
react/table-report-v29,angular/table-report-v5,duplicate,high,0.923028,,,
react/table-report-v29,angular/table-report-v6,duplicate,high,0.881867,,,
angular/table-report-v15,react/table-report-v1,duplicate,high,0.860627,,,
angular/table-report-v15,react/table-report-v2,near_duplicate,medium,0.816615,,,
angular/table-report-v15,react/table-report-v3,duplicate,high,0.891306,,,
angular/table-report-v15,react/table-report-v4,duplicate,high,0.904640,,,
angular/table-report-v15,react/table-report-v5,duplicate,high,0.877009,,,
angular/table-report-v15,react/table-report-v6,duplicate,high,0.891296,,,
react/table-report-v12,angular/table-report-v1,near_duplicate,medium,0.795707,,,
react/table-report-v12,angular/table-report-v2,near_duplicate,medium,0.795295,,,
react/table-report-v12,angular/table-report-v3,duplicate,high,0.835163,,,
react/table-report-v12,angular/table-report-v4,near_duplicate,medium,0.769593,,,
react/table-report-v12,angular/table-report-v5,near_duplicate,medium,0.795073,,,
react/table-report-v12,angular/table-report-v6,near_duplicate,medium,0.795295,,,
angular/table-report-v15,react/table-report-v1,duplicate,high,0.860627,,,
angular/table-report-v15,react/table-report-v2,near_duplicate,medium,0.816615,,,
angular/table-report-v15,react/table-report-v3,duplicate,high,0.891306,,,
angular/table-report-v15,react/table-report-v4,duplicate,high,0.904640,,,
angular/table-report-v15,react/table-report-v5,duplicate,high,0.877009,,,
angular/table-report-v15,react/table-report-v6,duplicate,high,0.891296,,,
angular/table-report-v25,react/table-report-v1,duplicate,high,0.910746,,,
angular/table-report-v25,react/table-report-v2,near_duplicate,medium,0.791068,,,
angular/table-report-v25,react/table-report-v3,duplicate,high,0.895685,,,
angular/table-report-v25,react/table-report-v4,duplicate,high,0.879091,,,
angular/table-report-v25,react/table-report-v5,duplicate,high,0.895530,,,
angular/table-report-v25,react/table-report-v6,duplicate,high,0.895696,,,
react/table-report-v11,angular/table-report-v1,duplicate,high,0.912880,,,
react/table-report-v11,angular/table-report-v2,duplicate,high,0.912761,,,
react/table-report-v11,angular/table-report-v3,duplicate,high,0.876206,,,
react/table-report-v11,angular/table-report-v4,duplicate,high,0.902367,,,
react/table-report-v11,angular/table-report-v5,duplicate,high,0.912060,,,
react/table-report-v11,angular/table-report-v6,duplicate,high,0.912761,,,
vue/table-report-v18,react/table-report-v1,duplicate,high,0.889460,,,
vue/table-report-v18,react/table-report-v2,near_duplicate,medium,0.802450,,,
vue/table-report-v18,react/table-report-v3,duplicate,high,0.894293,,,
vue/table-report-v18,react/table-report-v4,duplicate,high,0.889427,,,
vue/table-report-v18,react/table-report-v5,duplicate,high,0.890392,,,
vue/table-report-v18,react/table-report-v6,duplicate,high,0.894015,,,
react/table-report-v26,angular/table-report-v1,duplicate,high,0.923858,,,
react/table-report-v26,angular/table-report-v2,duplicate,high,0.922409,,,
react/table-report-v26,angular/table-report-v3,duplicate,high,0.882971,,,
react/table-report-v26,angular/table-report-v4,duplicate,high,0.893027,,,
react/table-report-v26,angular/table-report-v5,duplicate,high,0.923902,,,
react/table-report-v26,angular/table-report-v6,duplicate,high,0.880743,,,
react/table-report-v26,angular/table-report-v1,duplicate,high,0.923858,,,
react/table-report-v26,angular/table-report-v2,duplicate,high,0.922409,,,
react/table-report-v26,angular/table-report-v3,duplicate,high,0.882971,,,
react/table-report-v26,angular/table-report-v4,duplicate,high,0.893027,,,
react/table-report-v26,angular/table-report-v5,duplicate,high,0.923902,,,
react/table-report-v26,angular/table-report-v6,duplicate,high,0.880743,,,
vue/table-report-v28,react/table-report-v1,duplicate,high,0.892669,,,
vue/table-report-v28,react/table-report-v2,near_duplicate,medium,0.771344,,,
vue/table-report-v28,react/table-report-v3,duplicate,high,0.877190,,,
vue/table-report-v28,react/table-report-v4,duplicate,high,0.857695,,,
vue/table-report-v28,react/table-report-v5,duplicate,high,0.880800,,,
vue/table-report-v28,react/table-report-v6,duplicate,high,0.877222,,,
react/table-report-v12,angular/table-report-v1,near_duplicate,medium,0.795707,,,
react/table-report-v12,angular/table-report-v2,near_duplicate,medium,0.795295,,,
react/table-report-v12,angular/table-report-v3,duplicate,high,0.835163,,,
react/table-report-v12,angular/table-report-v4,near_duplicate,medium,0.769593,,,
react/table-report-v12,angular/table-report-v5,near_duplicate,medium,0.795073,,,
react/table-report-v12,angular/table-report-v6,near_duplicate,medium,0.795295,,,
angular/table-report-v11,react/table-report-v1,duplicate,high,0.862792,,,
angular/table-report-v11,react/table-report-v2,near_duplicate,medium,0.817350,,,
angular/table-report-v11,react/table-report-v3,duplicate,high,0.892711,,,
angular/table-report-v11,react/table-report-v4,duplicate,high,0.904111,,,
angular/table-report-v11,react/table-report-v5,duplicate,high,0.876480,,,
angular/table-report-v11,react/table-report-v6,duplicate,high,0.892541,,,
vue/table-report-v5,react/table-report-v1,duplicate,high,0.911440,,,
vue/table-report-v5,react/table-report-v2,duplicate,high,0.825382,,,
vue/table-report-v5,react/table-report-v3,duplicate,high,0.896514,,,
vue/table-report-v5,react/table-report-v4,duplicate,high,0.912866,,,
vue/table-report-v5,react/table-report-v5,duplicate,high,0.895283,,,
vue/table-report-v5,react/table-report-v6,duplicate,high,0.896653,,,
vue/table-report-v7,react/table-report-v1,duplicate,high,0.825349,,,
vue/table-report-v7,react/table-report-v2,duplicate,high,0.878299,,,
vue/table-report-v7,react/table-report-v3,near_duplicate,medium,0.809354,,,
vue/table-report-v7,react/table-report-v4,near_duplicate,medium,0.789123,,,
vue/table-report-v7,react/table-report-v5,near_duplicate,medium,0.805561,,,
vue/table-report-v7,react/table-report-v6,near_duplicate,medium,0.809198,,,
react/table-report-v6,angular/table-report-v1,duplicate,high,0.911796,,,
react/table-report-v6,angular/table-report-v2,duplicate,high,0.910555,,,
react/table-report-v6,angular/table-report-v3,duplicate,high,0.912583,,,
react/table-report-v6,angular/table-report-v4,duplicate,high,0.876957,,,
react/table-report-v6,angular/table-report-v5,duplicate,high,0.911619,,,
react/table-report-v6,angular/table-report-v6,duplicate,high,0.876534,,,
react/table-report-v20,angular/table-report-v1,near_duplicate,medium,0.795462,,,
react/table-report-v20,angular/table-report-v2,near_duplicate,medium,0.795646,,,
react/table-report-v20,angular/table-report-v3,near_duplicate,medium,0.793810,,,
react/table-report-v20,angular/table-report-v4,near_duplicate,medium,0.803365,,,
react/table-report-v20,angular/table-report-v5,near_duplicate,medium,0.794835,,,
react/table-report-v20,angular/table-report-v6,duplicate,high,0.837313,,,
react/table-report-v32,angular/table-report-v1,duplicate,high,0.825380,,,
react/table-report-v32,angular/table-report-v2,duplicate,high,0.825261,,,
react/table-report-v32,angular/table-report-v3,near_duplicate,medium,0.788706,,,
react/table-report-v32,angular/table-report-v4,near_duplicate,medium,0.814867,,,
react/table-report-v32,angular/table-report-v5,duplicate,high,0.824560,,,
react/table-report-v32,angular/table-report-v6,duplicate,high,0.825261,,,
vue/table-report-v17,react/table-report-v1,duplicate,high,0.836907,,,
vue/table-report-v17,react/table-report-v2,duplicate,high,0.883298,,,
vue/table-report-v17,react/table-report-v3,near_duplicate,medium,0.791324,,,
vue/table-report-v17,react/table-report-v4,near_duplicate,medium,0.795150,,,
vue/table-report-v17,react/table-report-v5,near_duplicate,medium,0.802518,,,
vue/table-report-v17,react/table-report-v6,near_duplicate,medium,0.791226,,,
react/table-report-v3,angular/table-report-v1,duplicate,high,0.911959,,,
react/table-report-v3,angular/table-report-v2,duplicate,high,0.910987,,,
react/table-report-v3,angular/table-report-v3,duplicate,high,0.912400,,,
react/table-report-v3,angular/table-report-v4,duplicate,high,0.876752,,,
react/table-report-v3,angular/table-report-v5,duplicate,high,0.911608,,,
react/table-report-v3,angular/table-report-v6,duplicate,high,0.876966,,,
react/table-report-v28,angular/table-report-v1,duplicate,high,0.923814,,,
react/table-report-v28,angular/table-report-v2,duplicate,high,0.922842,,,
react/table-report-v28,angular/table-report-v3,duplicate,high,0.882589,,,
react/table-report-v28,angular/table-report-v4,duplicate,high,0.892675,,,
react/table-report-v28,angular/table-report-v5,duplicate,high,0.923463,,,
react/table-report-v28,angular/table-report-v6,duplicate,high,0.881176,,,
react/table-report-v34,angular/table-report-v1,near_duplicate,medium,0.794692,,,
react/table-report-v34,angular/table-report-v2,near_duplicate,medium,0.793243,,,
react/table-report-v34,angular/table-report-v3,duplicate,high,0.837138,,,
react/table-report-v34,angular/table-report-v4,near_duplicate,medium,0.771507,,,
react/table-report-v34,angular/table-report-v5,near_duplicate,medium,0.794735,,,
react/table-report-v34,angular/table-report-v6,near_duplicate,medium,0.793243,,,
vue/table-report-v17,react/table-report-v1,duplicate,high,0.836907,,,
vue/table-report-v17,react/table-report-v2,duplicate,high,0.883298,,,
vue/table-report-v17,react/table-report-v3,near_duplicate,medium,0.791324,,,
vue/table-report-v17,react/table-report-v4,near_duplicate,medium,0.795150,,,
vue/table-report-v17,react/table-report-v5,near_duplicate,medium,0.802518,,,
vue/table-report-v17,react/table-report-v6,near_duplicate,medium,0.791226,,,
angular/table-report-v32,react/table-report-v1,near_duplicate,medium,0.775406,,,
angular/table-report-v32,react/table-report-v2,duplicate,high,0.904201,,,
angular/table-report-v32,react/table-report-v3,near_duplicate,medium,0.804770,,,
angular/table-report-v32,react/table-report-v4,near_duplicate,medium,0.815390,,,
angular/table-report-v32,react/table-report-v5,near_duplicate,medium,0.787759,,,
angular/table-report-v32,react/table-report-v6,near_duplicate,medium,0.804423,,,
angular/table-report-v1,react/table-report-v1,duplicate,high,0.881833,,,
angular/table-report-v1,react/table-report-v2,duplicate,high,0.837087,,,
angular/table-report-v1,react/table-report-v3,duplicate,high,0.911959,,,
angular/table-report-v1,react/table-report-v4,duplicate,high,0.924538,,,
angular/table-report-v1,react/table-report-v5,duplicate,high,0.890240,,,
angular/table-report-v1,react/table-report-v6,duplicate,high,0.911796,,,
react/table-report-v7,angular/table-report-v1,duplicate,high,0.881591,,,
react/table-report-v7,angular/table-report-v2,duplicate,high,0.879632,,,
react/table-report-v7,angular/table-report-v3,duplicate,high,0.924709,,,
react/table-report-v7,angular/table-report-v4,duplicate,high,0.859124,,,
react/table-report-v7,angular/table-report-v5,duplicate,high,0.881957,,,
react/table-report-v7,angular/table-report-v6,duplicate,high,0.879632,,,
angular/table-report-v14,react/table-report-v1,near_duplicate,medium,0.816248,,,
angular/table-report-v14,react/table-report-v2,duplicate,high,0.863254,,,
angular/table-report-v14,react/table-report-v3,near_duplicate,medium,0.771050,,,
angular/table-report-v14,react/table-report-v4,near_duplicate,medium,0.775605,,,
angular/table-report-v14,react/table-report-v5,duplicate,high,0.822974,,,
angular/table-report-v14,react/table-report-v6,near_duplicate,medium,0.771062,,,
